अँकाइ	
अँजुलि	
अँध्यारो	
अकास	
अक्टोबर	
अखबार	अख्बार
अगस्ट	
अगस्त	अगस्त्
अग्नि	
अग्लो	
अघि	
अङ्गुर	
अङ्ग्रेजी	
अचार	
अच्छा	
अञ्चल	
अट्ठा	
अट्ठाईस	अट्ठाइस्
अठचालीस	aṭhcālīs
अठतीस	अठ्तीस्
अठसट्ठी	अठ्सट्ठी
अठहत्तर	
अठार	
अठासी	
अठाह्र	
अठ्तीस	अठ्तीस्
अड्कल	
अड्चालीस	
अड्तीस	
अड्सठ्ठी	
अणु	
अण्डा	
अतः	
अथवा	
अदुवा	
अधिकार	
अधुरो	
अध्यक्ष	अध्यक्ष
अनार	
अनावश्यक	ʌnäbʌsek , ʌnä.wʌ.sek
अनि	
अनुपम	
अनुबादक	
अनुमति	
अनौठो	
अन्ठाउन्न	
अन्ठानब्बे	
अन्डा	
अन्तरराष्ट्रिय	
अन्तराष्ट्रिय	
अन्तर्राष्ट्रिय	
अन्दाजी	
अन्य	
अप्ठेरो	
अप्ठ्यारो	अप्ठेरो
अप्रिल	
अप्रेल	
अफगानिस्तान	अफ्गानिस्तान
अब	अबʌ
अभिषेक	
अभिषेक्	
अमाजु	
अमिलो	
अमेरिकन	ʌmeɾikʌn
अमेरिका	
अरब	
अररो	
अर्को	
अर्घाखाँची	
अर्थ	
अर्ध	
अर्ब	
अलि	
अलिकति	
अलैंची	
अल्गो	अल्गो
अल्छि	
अल्छी	
अल्सि	अल्छी
अल्सी	
असल	
असी	
असोज	
अस्ट्रेलिया	
अस्ति	
अस्पताल	
अस्मान	
अहँ	
अहिले	
अह्राउनु	
आ	
आँखा	
आँखीभौं	आँखी भौं
आँग	ā̃g|āṅ
आँट	
आँटी	
आँप	
आआफ्नो	आ-आफ्नो
आइतबार	
आइमाई	
आइस्ड	
आईतबार	
आउनु	
आउनुहोस्	
आकाश	
आखर	
आगन्तुक	
आगो	
आघुँ	
आङ	
आज	आ.ज
आटो	
आठ	
आफ्नो	
आमा	
आमाजु	āmāju
आमाजू	
आमाज्यू	
आराम	
आलु	
आवश्यक	आव॰+श्यक
आवश्यकता	"ābasektā "
आश्विन	äsvin
आषाढ	
आस्मानी	
आहा	
इँट	
इँट्टा	
इंडिया	
इतिहास	
इनाम	
इनार	
इन्टरनेट	इन्टर्नेट
इन्दिरा	
इन्द्रेनी	
इस्टोनिया	
इस्लाम	
इस्लामावाद	
ई	
ईरान	
ईश्वर	ईश्शोर
उ	
उँचाइ	
उँट	
उखु	
उचाइ	
उच्छ्वास्	
उठ्नु	
उड्नु	
उतार्नु	
उत्तर	
उत्रनु	
उदजन	उद्जन
उदाहरण	
उनचालीस	उन्चालीस
उनतीस	
उनन्चालीस	
उनन्चास	
उनन्तीस	
उनन्पचास	
उनन्सत्तरी	
उनन्साठी	
उनपचास	उन्पचास
उनसाठी	unsāṭhī
उनानब्बे	
उनानसय	उनान+सय
उनान्असी	
उनान्सय	
उनासी	
उनी	
उनीहरू	
उन्चालीस	
उन्तीस	
उन्नाइस	
उन्नाईस	
उन्सत्तरी	
उपनिषद्	
उपन्यास	उपन्न्यास
उपाय	
उप्टन्	
उफ्रनु	
उभिनु	
उमाल्नु	
उमेर	उमेर्
उम्मेदवार	उम्मेद्वार
उम्रनु	
उम्लनु	
उल्लु	
उसको	
उसमा	
उसलाई	
उसले	
उसिन्नु	
उहाँहरूको	"उहाँ-हरूको "
उहाहरुको	उहाँ-हरूको
ऊ	
ऋषि	
ए	
एउटा	
एउटै	
एक	
एकचालीस	एक्चालीस
एकतीस	एक्तिस
एकत्तर	
एकत्तीस	
एकदम	एक्दम
एकसट्ठी	eksaṭṭhī
एकसठ्ठी	
एकहत्तर	
एकाउन्न	
एकानब्बे	
एकासी	
एक्का	
एक्काइस	
एक्काईस	
एक्काउन्न	
एक्त्तीस	
एगार	egāra
एघार	एघा.र
एशिया	
एस	
एसरी	
एसिया	
एस्तो	
ऐतिहासिक	
ऐना	
ओइ	
ओखर्	
ओखल	
ओठ	
ओढ्नु	
ओढ्ने	
ओहायो	
औंठी	औँठी
औंला	
औलो	
औषधी	
कक्षा	
कटहर	
कटाउनु	
कटि	
कटी	
कट्टी	
कट्नु	
कति	
कत्रनु	
कदर	
कन्या	kannyā
कपाल	
कपास	
कपिलवस्तु	कपिल्बस्तु
कप्तान	
कप्नु	
कफी	
कमाउनु	
कमिज	
कमिला	
कमिलो	
कमीज	
कम्पनी	
कम्प्युटर	
कम्बल	
कम्मर	
कम्युनिष्ट	कम्युनिष्ट्
करङ	
कराउनु	
करोड	
कर्णधार	
कर्णाली	
कलकत्ता	कल्कत्ता
कलम	
कलश	
कलेजो	
कसको	कस्को
कसमा	
कसरी	
कसलाई	
कसले	कल्ले
कसैले	
कस्को	
कस्तो	
कहाँ	काँः
कहिले	
काँः	काँ̤ː
काँच	
काँध	
काँसो	
कांग्रेस	
कांच	काँच
काका	
काकी	
काख	
कागज	
कागत	कागद
कागती	
काछ्	
काजी	
काट्नु	
काठमाडौँ	काठ्माण्डु
काठमाडौं	काठ्माण्डु
काढ्नु	
कात्तिक	
कानु	
कापी	kʌpi
काफल	
काम	
कामना	
कामी	
काम्लो	
कार	
कार्तिकेय	
कार्त्तिक	
कालो	
कालोपाटी	
किताप	
किताब	
किताबहरू	किताब हरु
किन	kina
किनकि	
किनभने	
किन्नु	
किरा	
किराना	
किशोर	
कीरा	
कुइरे	
कुइरो	
कुकुर	kukkur
कुक्कुर	
कुखुरा	
कुचो	
कुट्नु	
कुद्नु	
कुन	
कुनचाहिँ	कुन्चाहिँ
कुनै	
कुबिर्	
कुमारी	
कुरा	
कुरामा	
कुरी	
कुलो	
कुशल	
कृपया	कृपया
के	
केंद्र	
केई	
केको	
केटा	
केटी	
केमा	
केरा	
केराउ	
केलाई	
केले	
केही	
कैँथ्	
कैले	
को	
कोइलि	
कोई	
कोट्याउनु	
कोठा	
कोठि	
कोठो	
कोतर्नु	
कोलकाता	
कोशिश	
कोशी	
कोसी	
कोही	
क्यानाडा	
क्रिकेट	
क्लास	
क्षत्राणी	
क्षत्रिय	
क्षमता	क्षमता|क्षेमता
क्षयरोग	
क्षेत्र	
क्षेत्रिनी	
क्षेत्री	
खञ्जर	
खतरनाक	खतर्नाक
खत्रिनी	
खत्री	
खनाति	
खनातिनि	
खनातिनी	
खनाती	
खन्	
खन्नु	
खबर	
खर	
खरब	
खराब	
खरी	
खरीमट्टी	
खर्ब	
खल्ती	
खस	khasa
खसी	
खस्नु	
खा	
खाऊ	
खाग्	
खाजा	
खाडल	
खाता	
खाते	
खाना	
खानु	
खानेकुरा	
खाल्टो	
खाल्डो	खाल्डो
खिइनु	
खिजिनु	
खियाउनु	
खिर्कि	
खीर	
खुकुरी	
खुट्टा	
खुन्याहा	
खुर्सानी	
खुला	
खुवाउनु	
खुशी	
खुसी	
खेती	
खेल	
खेलकुद	खेल्कुद
खेल्नु	
खेवा	
खैरो	
खोज्नु	
खोरण्डो	
खोर्सानी	
खोल	खो.ल
खोला	
खोल्नु	
गँगटा	
गएको	
गगन	
गङटो	
गछ्नु	
गणतन्त्र	
गणित	
गण्डकी	
गनाउनु	
गन्ध	
गन्नु	
गफ	
गमला	ग.म.ला
गर	ɡʌɾʌ
गराउनु	
गराउने	
गरि	
गरुङ्गो	
गरे	
गरेको	
गरेर	garera
गर्	
गर्दा	
गर्दै	
गर्न	
गर्नको	
गर्नु	
गर्नुहोला	
गर्नुहोस्	
गर्ने	
गर्मी	
गल्ती	
गह्रुँगो	garuŋgo
गह्रुंगो	
गह्रुङ्गो	गह्रुङ्गो
गह्रुङ्ङो	
गह्रौं	गह्रुङ्गो
गा	
गाँउ	
गाँठो	
गाँठ्नु	
गाँथ्नु	
गाई	
गाउँ	गाँउ
गाउनु	
गाऊ	
गाजर्	
गाडा	
गाढा	
गायक	
गाली	
गाविस	गावि.स
गाविसहरू	गावि.स.हरू
गाह्रो	
गिद्ध	
गीत	
गीलो	
गु	
गुगल	
गुजराती	gujrāti
गुणसूत्र	
गुनासो	
गुनु	
गुफा	
गुमाउनु	
गुरु	
गुलाम	
गुलियो	
गुहु	"ɡuː "
गू	
गूगल	
गैँडा	
गैंडा	गैँडा
गोटी	
गोठ	
गोडा	
गोदावरी	
गोरख	
गोरु	
गोर्खा	
गोलो	
गोसाइँ	
गौँत	
ग्यार	ग्या.र
ग्रह	
ग्रीष्म	
घंटा	
घडी	
घण्टा	
घन्टा	
घर	
घर्रा	
घस्नु	
घाँस	
घाइते	
घाउ	
घाम	
घिच्नु	
घिसिनु	
घिस्याउनु	
घुर्नु	
घुस्नु	
घूस	
घोट्नु	
घोडा	
घोप्नु	
घोराही	
घोरिनु	
घोल	
घोल्नु	
चउन्न	
चक	
चकटी	
चक्का	
चक्कु	
चढ्नु	
चन्द्र	
चन्द्रमा	
चपेट्नु	
चपोरा	
चबाउनु	
चम्चा	
चरप्प	
चरा	
चराउनु	
चरित्र	
चर्	
चर्नु	
चलचित्र	चल्चित्र
चलन	
चल्नु	
चवालीस	
चश्मा	
चस्मा	
चाइँ	
चाईं	
चाउचाउ	
चाख	
चाख्नु	
चाट	
चाबी	
चार	
चारवटा	cār-waṭā
चालीस	
चाल्नु	
चाहनु	
चाहिँ	
चाहिएमा	
चाहिनु	
चिउरा	
चिक	cika
चिक्	
चिक्नु	
चिज	
चिट्ठा	
चिठि	
चिठी	चिट्ठि
चिताउनु	
चितुवा	
चित्त	
चित्र	
चिनी	
चिन्नु	
चिया	
चिसो	
चिहान	
चीज	
चीन	
चीनियाँ	
चुरोट	
चुस्नु	
चेप्नु	
चेष्टा	
चैत	
चैत्र	
चोक	
चोर	"चोर् "
चोर	चो-र
चोर्नु	
चौँतीस	
चौंतीस	चौँतिस
चौखट्	
चौतारी	
चौध	caudha
चौधरी	
चौबीस	
चौमासा	
चौरत्तर	
चौरानब्बे	
चौरासी	
चौवन्न	t͡sʌu̯wʌnnʌ
चौसठ्ठी	
चौहत्तर	
च्याप्नु	
छक्का	
छक्क्याउनु	
छडी	
छत्तीस	
छदाउनु	
छन्	
छपन्न	
छप्पन्न	
छब्बीस	
छयत्तर	
छयसट्ठी	
छयानब्बे	
छयालीस	
छयासी	
छल्नु	
छहत्तर	
छाउपडी	
छाता	
छाद्नु	
छाना	
छानो	
छान्नु	
छाला	
छाहारि	
छिटो	
छिट्टो	
छिन	"chin "
छिन	china
छिनो	
छिन्नु	
छिमेकी	
छुँ	
छुचि	
छुची	
छुचो	
छुट्टाउनु	
छुट्टो	
छुट्ट्याउनु	
छुट्नु	
छुनु	
छुर्पी	
छेत्रिनी	
छेत्री	
छेपारो	
छैंसठ्ठी	
छैन	caina
छैनौ	
छोग्याल	
छोटो	
छोड्नु	
छोप्नु	
छोरा	
छोरी	
छोरो	
छोल	chola
छोल्	
छोल्नु	
छौ	
जगत्	जगत्
जग्गा	
जङ्गल	
जताउनु	
जनकपुर	जनक्पुर्
जनवरी	
जनसंख्या	
जनसङ्ख्या	
जना	
जनावर	
जन्मदिन	janmadin
जमिन	जमिन्
जमिनदार	जमिन्दार
जमिन्दार	
जमीन	
जमीनदार	जमिन्दार
जम्नु	
जम्मा	
जरा	
जरूर	
जरूरी	
जरो	
जर्मनी	
जल	
जलेबी	
जल्नु	
जसको	
जसमा	
जसलाई	
जसले	jasle
जहाँ	जाँः
जहाज	
जा	
जाँः	जाँ̤ː
जाँच्नु	
जाँठो	
जाँतो	
जाऊ	
जाग्नु	
जाडो	
जाति	
जानु	
जान्नु	
जापान	
जिउनु	
जिब्रो	
जिल्ला	
जिल्लाका	
जिल्लाको	
जिल्लाहरू	जिल्ला हरू
जीउ	
जीवनी	
जुँगा	जुंगा
जुठो	
जुत्ता	
जुन	
जुम्रा	
जुलाई	
जुवाइँ	
जून	जून्
जेठ	
जेठान	je thaa na
जेठानी	
जेब्रा	
जेरी	
जो	
जोइ	
जोकर	
ज्ञान	
ज्येष्ठ	
ज्वरो	जोरो
ज्वाइँ	
ज्वालामुखी	
झन्डा	
झरना	
झरी	
झाँट	
झाक्री	
झाडु	
झिङो	
झुम्का	
झोला	
झ्याल	
ञकार	यँकार
टपरी	
टमाटर	
टाउको	
टाढा	
टिकट	
टीका	
टील	
टुट्नु	
टेबुल	
टेलिभिजन	
टोक्नु	
टोपी	
ट्याक्सी	
ठकुरी	
ठन्कनु	
ठन्काउनु	
ठाउँ	
ठीक	
ठीकै	
ठुलो	
ठूलो	
ठेट्	
ठोक्	
ठोक्नु	
डङका	
डच	
डढ्नु	
डराउनु	
डलर	
डा	डाक्टर
डाँका	
डाँडा	
डाका	
डाक्टर	
डाक्टरी	
डिसेम्बर	
डुङ्गा	
डुल्नु	
डेउडि	
डेनमार्क	डेनमार्क्
ढल्नु	
ढाँचा	
ढाका	
ढाक्नु	
ढाड	
ढाल्नु	
ढिँडो	
ढिटो	
ढिलो	
ढुकुर	
ढुङ्गा	
ढेडु	
ढोका	
त	
तँ	
तँमा	
तँलाई	
तकिया	
तताउनु	
तथा	
तथापि	
तथ्याङ्क	
तन्ना	
तपाईँलाई	
तपाईं	
तपाईंको	
तपाईंमा	
तपाईंलाई	
तपाईंले	
तर	त.र
तरकारी	तर्कारी
तर्फबाट	तर्फ बाट
तस्बिर	
ताकिति	
ताछ्नु	
तातो	
तात्नु	
तान्नु	
ताप	
तापक्रम	ताप्क्रम
तारा	
तारिख	
ताल	
ताल्चा	
तास	
तिखो	
तितो	
तिब्बत	
तिमि	
तिमी	
तिमीमा	
तिमीलाई	
तिमीले	
तिम्रो	
तिर	"tira "
तिरत्तर	
तिरानब्बे	
तिरासी	
तिर्चालिस	
तिर्नु	
तिर्पन्न	
तिर्सट्ठी	
तिर्सठ्ठी	तिर्सट्ठि
तिहार	
ती	
तीन	
तीर	tir
तीस	
तुतुरो	
तुरी	
तेईं	
तेईस	
तेजारत	
तेत्तीस	
तेरो	
तेर्सिनु	
तेर्सो	
तेल	
तेस्रो	
तेह्र	
तैँले	
तैरिनु	
तौलिया	
त्यसको	
त्यसमा	
त्यसलाई	
त्यसले	तेस्ले
त्यहाँ	त्याँ
त्याँः	
त्यान्द्रो	
त्यो	
त्रिचालीस	
त्रिपन्न	
त्रिभुज	
त्रियानब्बे	
त्रियासी	
त्रिसट्ठी	
त्रिहत्तर	
थप्दै	
थप्न	
थप्नु	
थर	
थानु	
थापा	
थाल	
थाह	
थाहा	थाहा
थिचेर	
थिच्नु	
थियो	
थुक्नु	
थुरी	
दक्षिण	दक्छिँण
दगुर्नु	
दबाउनु	
दरबार	दर्बार्
दल्नु	
दश	
दशैं	
दस	
दसैँ	
दहिलो	
दाँज्नु	
दाँत	
दाइ	
दाई	
दाजु	
दाडिम	
दाना	
दारिम	
दारी	
दार्जिलिङ	
दाहिने	
दाह्री	
दिउँसो	
दिक्क	
दिघो	
दिदी	
दिन	din
दिन	dina
दिनको	
दिनु	
दिन्छ	
दिल्ली	
दिशा	
दिसा	
दुःख	दुखʌ
दुःस्वप्न	
दुई	
दुईवटा	
दुख	दु.खʌ
दुखी	
दुख्नु	
दुतावास	
दुद	
दुध	
दुना	
दुनु	
दुनो	
दुबई	
दुर्गति	
दुलहा	
दुलही	
दुश्मन	
दुहुनु	"दुःनु "
दूतावास	
दूध	
दे	
देउ	
देउखुरी	
देउरानी	
देओर	
देखाउनु	
देखि	
देखिनु	
देख्नु	
देवनागरी	
देवर	
देवरानी	dewrānī
देश	
देसि	
देसी	
दैव	दै.ब
दोकान	
दौडनु	दौडनु
द्यौरानी	deuräni
धकेल्नु	
धत्तेरि	
धत्तेरी	
धनगढी	धन्गढि
धन्यवाद	धन्यबाद
धरान	
धराप	
धरापिलो	
धर्ती	
धर्म	
धाइ	
धाउनु	
धुनु	
धुलो	
धुवाँ	
धुस्त्रो	
धेरै	
धोतिनी	
धोती	
नक्कली	
नक्सा	
नगर	na gara
नगर्	
नङ	
नजिक	
नदी	
नन्द	
नब्बे	
नमस्कार	
नमस्ते	
नमाज	
नयन	
नयाँ	
नरक	
नराम्रो	
नर्क	
नर्स	nars
नवलपुर	nʌuʌlpur
नाँघ्नु	
नाइटो	
नाउँ	
नाक	
नाच	nāca
नाच्नु	
नाति	
नातिना	
नातिनी	
नाती	
नानी	
नाफा	
नाम	
नारङ्गि	
नि	
निकाल्नु	
निको	
निचर्नु	
निचोर्नु	
निद्रा	
निम्ति	
निर्माण	
निर्यात	
निलो	
निस्कनु	
नील	
नुन	
नुहाउनु	
नून	नुन्
नेपाल	
नेपालका	
नेपालको	
नेपालगंज	नेपाल्गंज्
नेपालगञ्ज	नेपाल्गंज्
नेपालमा	
नेपाली	
नै	
नैनु	
नोभेम्बर	
नौ	
न्यानो	
पंजा	
पकाउनु	
पकौडा	
पक्का	
पखाला	
पचत्तर	
पचपन्न	पच्पन्न
पचहत्तर	
पचास	
पचासी	
पच्चीस	
पछि	
पञ्चानब्बे	
पटाउनु	
पढ	प.ढ
पढाउनु	
पढ्	
पढ्नु	
पढ्नुहोस्	
पत्र	
पत्रिका	
पद	
पनाति	
पनातिनि	
पनि	
पन्चानब्बे	
पन्छी	
पन्जा	
पन्द्र	
पन्ध्र	पन्द्र
पर	परʌ
पराल	
परासी	
परिचय	
परिपुर्न	
परिपूर्ण	
परिबार	
परिवार	
परीक्षा	
परे	
परेको	
परेमा	
परेली	
परेवा	
पर्खनु	
पर्दा	
पर्नु	
पलङ	
पल्टिनु	
पश्चिम	
पसल	
पसिना	
पस्नु	
पहाड	
पहिचान्नु	
पहिला	
पहिले	
पहिलो	
पहेँलो	
पहेंलो	
पाँच	
पाइनु	
पाइने	
पाउ	
पाउनु	
पाकिस्तान	
पाक्नु	
पाखुरा	
पाटि	
पाटो	
पाठ	
पात	
पाद्नु	
पानी	
पानु	
पाप्रो	
पार्वती	
पाल	
पालुङ्गो	
पाल्नु	
पाहुना	
पिउनु	
पिट्नु	
पिठो	
पिता	
पिपीलिका	
पिरो	
पुग्नु	
पुछ्नु	pusnu
पुती	
पुनः	
पुरातत्त्वशास्त्र	
पुरानो	
पुर्न	
पुष्टकारी	
पुस	
पुस्तक	
पुस्तकालय	
पुस्नु	
पूर्ण	
पूर्व	
पृथ्वी	पृथिवी
पृष्ठ	
पेच	
पेटी	
पैँचालीस	
पैँतालीस	
पैँतीस	
पैँसट्ठी	
पैंतालीस	
पैंतीस	
पैंसट्ठी	
पैंसठ्ठी	
पैसा	
पोइ	
पोखरा	
पोखरि	
पोथी	
पोलिश	
पोल्नु	
पोसाक	
पौडिनु	
पौने	
पौष	
प्याज	
प्याजी	
प्यारो	
प्रकाशाणु	
प्रकृति	
प्रचंड	
प्रतिशत	
प्रत्यंचा	
प्रत्यक्ष	प्रतक्ष
प्रधानमन्त्री	प्रधान्मन्त्री
प्रबिधि	
प्रभा	
प्रमुख	
प्रयोग	
प्रयोगकर्ता	प्रयोग्कर्ता
प्रयोगस्थल	prayogsthal
प्रविधि	
प्रश्न	
प्रश्नहरु	
प्रश्नहरू	
प्रहरी	प्रॽअरी
प्राय	
प्रेम	
फकाउनु	
फरक	
फरवरी	फर्वरी
फर्सा	
फर्सी	
फल	फलʌ
फलफूल	फल्फुल
फल्नु	
फागुन	
फालि	
फाल्गुन	
फाल्नु	
फुक्नु	
फुटबल	फुट्बल्
फुपाजु	
फुपाज्यू	
फुपु	
फुपू	
फुल	
फुसी	
फुस्रो	
फूल	
फेब्रुअरी	
फेरि	
फेर्नु	
फौज	
फ्याँक्नु	
बक्शिश	
बखान्नु	
बगर	
बग्नु	
बङ्गलादेश	
बच्चा	
बजाउनु	
बजार	
बजे	
बढाउन	
बढाउनु	
बताउनु	
बताउने	
बत्तीस	
बदर	
बदाम्	बदाम्
बधू	
बन	bana
बना	
बनाउनु	
बनाउनुहोला	
बनाऔ	
बनाऔँ	
बनाऔं	
बनेर	
बन्द	
बन्नु	
बबल	
बबुल्	
बयसट्ठी	बैसट्ठी
बयानब्बे	
बयालीस	
बयासी	
बर	
बरफ	
बरि	
बर्खा	
बर्ग	
बर्ष	
बस	bʌsʌ
बसन्त	
बस्	
बस्ती	
बस्तु	
बस्नु	
बहत्तर	
बहिनी	bʌi̯ni
बा	
बाँकी	
बाँके	
बाँच्नु	
बाँझि	
बाँझो	
बाँड्नु	
बाँध्नु	
बाँसुरि	
बाईस	
बाउ	
बाउन्न	
बाकस	
बाख्रा	
बागमती	बाग्मती
बाघ	
बाटो	
बाथ	
बादल	
बादशाह	बाद्शाह
बान्नु	
बाफ	
बाबा	
बाबु	
बारेमा	
बालुवा	
बाहिर	bāhira
बाहुन	bä.un
बाह्र	
बिकास	
बिचरा	
बिजुली	
बिज्ञान	
बिदा	
बिधवा	बिधुवा
बिन्ति	
बिपना	
बिफर्	
बिबाह	
बिभिन्न	
बिमाख्	
बियर	
बिया	
बिराटनगर	बिराट्नगर्
बिरामी	
बिरालो	
बिरुवा	
बिर्सनु	
बिसौनी	
बिस्तारै	
बिस्तारो	
बिहा	बिॽा
बिहान	बिहा.न
बिहिबार	
बिहीबार	
बीउ	
बीर	
बीस	
बुझ्नु	
बुटवल	buʈol
बुटि	
बुढा	
बुढानिलकण्ठ	बुढानिल्कण्ठ
बुढी	
बुढो	
बुद्ध	बुद्ध
बुद्धिचाल	
बुधबार	
बुन्नु	
बुबा	
बुरो	
बुवा	buä
बुहारी	
बूढा	
बूढी	
बूढो	
बेइजिङ	
बेनुपराज	बेनुप.राज
बेर्	
बेलायत	
बेलुका	
बेसाउनु	
बेहुला	
बेहुली	
बैंक	बैंक्
बैगुन	
बैनि	
बैसट्ठी	
बैसठ्ठी	बैसट्ठी
बोका	
बोको	
बोट	
बोटानिष्ट	बोटानिष्ट्
बोधो	
बोल्नु	
ब्रह्मदेश	
ब्रह्माण्ड	
ब्राजिल	
ब्वाँसो	
भए	
भएका	
भएको	
भएमा	
भएर	
भक्तपुर	
भतिज	
भतिजा	
भतिजी	
भतिजो	
भतीजा	
भतीजी	
भदौ	
भनिनु	
भनिन्छ	
भने	
भनेको	
भनेर	
भन्दा	
भन्नु	
भन्ने	
भरतपुर	भरत्पुर्
भाँच्नु	
भाइ	
भाउजु	
भाउजू	
भाउज्यू	
भाडा	
भात	
भाद्र	
भानिज	
भान्जा	
भान्जी	
भान्जो	
भारत	
भालू	
भाषा	
भिजेको	
भिटामिन	भिटामिन्
भिडियो	
भित्र	
भिना	
भिनाजु	
भिनाज्यू	
भिसा	
भीर	
भुइँ	भुँइं 
भुईँचालो	
भुटान	
भुत्रो	
भुल्नु	
भूकम्प	
भूगोल	
भेट्नु	
भेना	
भैँसी	
भैंसी	भैँसी
भोक	
भोलि	
म	
मःम	म.म
मःमः	mʌmʌ
मई	
मकै	
मङ्गल	
मङ्गलबार	maṅgalbār
मङ्सिर	
मजिठो	
मजेन्टा	
मज्जा	
मदत्	
मधेश	
मन	
मन्त्र	
मन्त्रिणी	
मन्त्रिनी	
मन्त्री	
मम	mʌmʌ
ममः	mʌmʌ
ममा	
ममि	
ममो	
मयूख्	
मयूर	
मर	mara
मरमरम्मत	
मरमर्मत	
मरम्मत	
मराठी	
मरुभूमि	
मर्	
मर्कि	
मर्नु	
मर्मत	
मलाई	
महँगो	
महिना	
महिला	mʌ.ilä
महीना	
मा	
माइजु	
माइजू	
माइज्यू	
माओवादी	
माकुरा	
माकुरो	
माखो	
माग्नु	
माचिक्नी	
माछा	
माझ्नु	
माता	
मातृभाषा	
मानव	
मानवता	मानब्ता
मानविकी	
मानिस	
मानिसहरू	
माने	
मान्छे	
मान्नु	
माफ	
मामा	
मार्	
मार्ग	
मार्च	
मार्नु	
माला	
मासु	
मास्नु	
मिठो	
मिति	
मितेरि	
मित्र	
मित्रता	
मिनेट	
मिलाउँदै	
मिलेर	
मिल्नु	
मुक्ति	
मुख	
मुख्य	
मुङ्रो	
मुजी	
मुटु	
मुत्नु	
मुद्रा	
मुलुक	
मुसो	
मूल	
मे	
मेच	
मेज	
मेटाउनु	
मेटी	
मेट्नु	
मेरो	
मैदान	
मैले	
मैलो	
मोःमो	momo
मोःमोः	momo
मोजा	
मोटरसाइकल	मोटर्साइकल
मोटो	
मोड्नु	
मोमो	
मोमोः	momo
मोर	mora
मोर्	
मोर्नु	
मौरी	
मौसम	
म्वाइँ	
यदि	
यस	
यसको	
यसमा	
यसरी	
यसलाई	यल्लाइ
यसले	एस्ले
यसै	
यस्तो	
यहाँ	यहाँ
यहाँका	यहाँका
यहाँको	यहाँको
यहाँमा	यहाँमा
यहाँलाई	यहाँलाइ
यहाँले	यहाँले
यही	येही 
या	
यातायात	
यानाति	
यी	इ
युक्रेन	युक्रेन्
युबक	
युवक	
यूरोप	
यो	
योगदान	योग्दान
योगदानको	
योगदानहरू	
योग्य	
र	
रंडी	
रक्त	
रक्सी	
रगत	
रङ्ग	रङ्
रङ्गीचङ्गी	
रचना	
रच्नु	
रण्डी	
रत्न	
रन्डी	
रमजान	रम्जान
रमाइलो	
रमाईलो	
रस	
रसिद	
रसिया	
रसी	
रहनु	
रहेका	
रहेको	
राँबो	
राउत्	
राकस	
राख्नु	
राजमार्ग	राज्मार्ग्
राजा	
रात	
राति	
रातो	
रानी	
रामो	
राम्ररी	
राम्रो	
रारा	रारा
राष्ट्र	
राष्ट्रपति	
राष्ट्रिय	
राष्ट्रीय	
रित्तो	
रुख	
रुनु	
रुप	
रुपियाँ	
रुपौलो	
रुस	
रूख	
रूप	
रूपमा	
रेकर्ड	
रेखा	
रैति	
रोक्नु	
रोग	
रोटी	
रोपनी	
ल	
लक्ष्मी	लक्स्मि 
लगाउनु	
लगानी	
लघ्वातु	लघ्॰वा॰तु
लट्ठी	
लड्नु	
लपक्क	
लसुन	
ला	
लाँडो	
लाई	
लाउनु	
लाख	
लागि	
लाग्नु	
लाठी	
लाडो	
लामा	
लामो	
लिएको	
लिग	
लिङ्क	लिंक्
लिनु	
लिलाम	
लुकाउनु	
लुक्नु	
लुगा	
लुम्बिनी	
ले	
लेख	ले.ख
लेख	ले.खʌ
लेखमा	
लेखहरु	लेख् हरू
लेखहरू	
लेखिएको	
लेखिदिन्छ	
लेखिनु	
लेख्	
लेख्न	
लेख्नु	
लैङ्गिक	
लोग्ने	
लोहोरो	
लौरो	
ल्वाङ	
वटा	ओटा
वडा	वडा
वन	
वन्य	
वर्ग	बर्ग
वर्णमाला	बर्णमाला
वर्षा	बर्षा
वसन्त	
वहाँ	वहाँ
वहाँको	वहाँको
वहाँमा	वहाँमा
वहाँलाई	वहाँलाई
वहाँले	वहाँले
वाक्नु	
वाक्य	वाक्य
वाङ्ला	
वार्ता	
वार्तालाप	
विकास	
विकि	
विकिको	
विकिपिडिया	
विकिपीडियन	
विकिपीडिया	
विकिपीडियामा	
विकिपीडियालाई	
विकिपीडियाले	
विकिमीडिया	
विकिमीडियाको	
विकी	
विजयादशमी	विजया.द.श.मी
विज्ञान	
विडूर	
विदेश	
विद्यार्थी	विद्द्यार्थी
विनोद	
विपुल्	
विभिन्न	
विमानस्थल	विमान्स्थल
विराटनगर	
विवाह	
विश्व	
विश्वकप	विश्व॰कप
विश्वका	
विषयका	
विषयमा	
विषयसूचि	
विषयसूची	
विषाणु	
वीरेन्द्रनगर	
वृश्चिक	
वेदना	
वैद्य	
वैशाख	
व्यक्तिलाई	
व्यवस्था	
व्यापार	vepār
व्रत	व्र.तʌ
शनिबार	
शब्दकोश	
शब्दकोष	
शरद	
शहर	
शान्त	
शास्त्र	
शाह	
शिकार	
शिकारी	
शिक्षक	
शिक्षा	शिच्छ्या
शिशिर	
शुक्रबार	
शुभ	
शुभकामना	subʱʌkämʌnä
शून्य	शुन्ना
शौचालय	
श्रावण	श्रावण
श्रीमती	
श्रीमान्	
श्रेणी	
श्रेष्ठ	
षड्यन्त्र	
षष्ठी	Shasthi
सँग	"संग "
संग	
संगति	
संगीत	
संदर्भ	
संवाद	
संविधान	
संस्कृत	sʌ̃skɾit
संस्कृति	संस्कृति
संस्था	सँस्था
सकिन्छ	
सक्छ	
सक्नु	
सक्नुहुन्छ	
सखर	
सगरमाथा	सगर्माथा
सङ्गति	
सजाउनु	
सजिलो	
सडक	सडक
सड्नु	
सड्सठ्ठी	
सतचालीस	सत्चालीस
सतसट्ठी	
सतहत्तर	
सतासी	
सत्तरी	
सत्ताईस	
सत्र	
सन्	
सन्चै	
सन्ताउन्न	
सन्तानब्बे	
सन्देश	
सन्धिखर्क	
सन्सरबार्	"सन्सर्बार् "
सपना	
सफा	
सब	
सबै	
सबैको	
सब्जी	
समय	
समलिङ्गी	
समस्त	
समस्या	समस्स्या
समस्याको	
समाज	
समाजवाद	
समात्नु	
समाधान	
समिति	
समुदायको	
समुद्र	
समृद्ध	
सम्धिनी	
सम्धी	
सम्पर्क	
सम्पादन	
सम्बन्धी	सम्बन्दि
सम्म	
सय	
सरकार	
सरिफा	
सरोज	
सर्सिउँ	
सलल	स.ल.ल
सलाई	
सलिफा	
ससुरा	
ससुरो	
सस्तो	
सहनु	
सहपाठी	
सहयोग	सॽअयोग्
सहर	
सहायता	
सहायताका	
सहि	sʌi̯
सही	
साँचो	
साँप	
सांझ	साँ.ज|साँज
साइकल	
साउन	sä.un
साट्दै	
साट्नु	
साठी	
साढे	
सात	
साता	
सातौं	
साथी	
साध्नु	
सानो	सानो
साप	
साबुन	साबुन्
सामग्रीहरू	
सामान	
सामान्य	
सामुदायिक	sä.mu.dä.ik
सायर	
साला	
साली	
साले	
सालो	
सासु	
सासू	
साहित्य	
सिंह	सिँहʌ
सिउनु	
सिकाउनु	
सिकार	
सिक्किम	
सिक्नु	
सितम्बर	
सिधो	
सिपारिस	
सिपाही	
सिरानी	
सिराने	
सिलाउनु	
सिलि	
सिसाकलम	
सीपाही	
सुँघ्नु	सुङ्नु
सुँप्	
सुक्खा	
सुगा	
सुझाव	sujhāv
सुति	
सुत्नु	
सुत्लि	
सुदूरपश्चिम	
सुधार्नु	
सुधो	
सुन	soon
सुन	soona
सुन्तला	
सुन्दर	
सुन्ना	
सुन्निनु	
सुन्नु	
सुन्नुहोस्	
सुहाउनु	
सूर्जे	
सूर्य	
सेतो	
सेप्टेम्बर	
सैँतीस	
सैंतालीस	
सैंतीस	सैँतिस
सैनिक	
सोच	soca
सोच्नु	
सोजो	
सोधपुछ	सोध्पुछ
सोधिने	
सोध्नु	
सोफा	
सोमबार	"सोम्बार "
सोहोर्नु	
सोह्र	
स्कुल	
स्थिति	
स्याउ	
स्वत	सोतः
स्वतन्त्र	सोतन्त्र
स्वशिक्षा	सोशिक्षा
स्वागत	स्वा.गत
स्वादिलो	स्वा.दिलो
स्वास्नि	स्वा.स्नि
स्वास्नी	स्वा.स्नी
हकार	hakāra
हकार्नु	
हग्नु	
हजम	
हजाम	
हजार	
हजुर	
हजुरआमा	हजुर.आमा
हजुरबा	हजुर.बा
हजुरबुवा	हजुर.बुआ
हतियार	
हत्तेरी	
हत्तेरीका	
हप्ता	
हब्शी	
हब्सी	
हरा	
हराउनु	
हरियो	
हरेक	
हलुको	
हलो	
हवाइजाःज्	
हवाईजहाज	
हव्वा	हव्-वा
हस	
हस्कनु	
हस्तमैथुन	
हाँक्नु	
हाँसो	
हाँस्नु	
हाइकु	
हाइड्रोजन	
हाजिर	हाजिर्
हात	
हात्ती	
हान्नु	
हामी	
हामीमा	
हामीलाई	
हामीले	
हाम्रो	
हार्नु	
हावा	
हिँड्नु	
हिउँ	
हिउँद	
हिजो	
हिज्जे	
हिन्दी	
हिमपात	हिम्पात
हिमाल	
हिमालय	
हिलो	
हिसाब	
हुँ	हुँ
हुँदैन	
हुण्डि	
हुनु	
हुनुहुन्छ	हुनु-हुन्छ
हुनुहुन्न	हुनु-हुन्न
हुने	
हुनेछ	
हुन्	
हुन्छ	
हुन्छन्	
हृदय	
हेटौडा	
हेर्नु	
हेर्नुहोस्	
हो	
होइन	होइन
होइनौ	होइनौ
होईन	hoina
होचो	
होटल	
होला	
होली	
हौ	
ह्याँ	
ह्यात्तेरिका	
ह्यात्तेरीका	
ह्रस्व	रस्सो
ह्वाँः	
