word	form	count	ours	example	source	note
दिन	d̪ i n ʌ	26	d̪ i n ʌ	जिल्लामा भैँसीपालनलाई महत्व दिँदै थोरैमा दुई तीनवटा भए पनि भैँसीपालनलाई कृषकले व्यावसायिक रुप दिन थालेका छन्	ground_truth_dual_sentences.tsv	
दिन	d̪ i n	17	d̪ i n ʌ	साताको दोस्रो दिन फेरि सुनको मूल्य घटेको छ	ground_truth_dual_sentences.tsv	
हुन	ɦ u n ʌ	24	ɦ u n ʌ	बिउ राख्ने बेलामा पनि निक्कै समस्या भयो अब केही दिन पछि रोप्ने बेला सुरु हुन लागेको छ उनले भने रासायनिक मल नहाली धान रोपौँ भने नफल्ने पिर रासायनिक मल खोजौँ पाइँदैन	ground_truth_dual_sentences.tsv	
हुन	ɦ u n	12	ɦ u n ʌ	रिक्सामा गह्रुंगो स्वरमा भन्थे दर्शक महानुभाव धनगढीको जोशी टाकिजमा आजैदेखि भव्यताका साथ प्रदर्शन हुन गइरहेछ गोविन्दा अभिनित हिन्दी कथानक चलचित्र आग	ground_truth_dual_sentences.tsv	
तिर	t̪ i r ʌ	18	t̪ i r ʌ	दुई दिनअघि पाँडेले गणेश थापालाई सामाजिक सञ्जाल फेसबुकमा लेखेका छन् काम कुरो एका तिर कुम्लो बोकी ठिमीतिर नहोस् है फुटबलका नेताहरू पछुताउनु नपरोस्	ground_truth_dual_sentences.tsv	
तिर	t̪ i r	1	t̪ i r ʌ	नेपाल कम्युनिष्ट पार्टी नेकपा का नेता देवेन्द्र पौडेलले केही दिन अघि दुई वटा फोटो राख्दै सामाजिक सञ्जालमा लेखे कति तनाव लिनु आफू त लागियो गाउँघर तिर	ground_truth_dual_sentences.tsv	
छिन	tsʰ i n ʌ	14	tsʰ i n ʌ	स्वास्थ्य क्षेत्र सँगसँगै आफ्नो शैक्षिक ज्ञान साझा गर्न नर्सिङ कोर्सको पहुँच एवं विकास गर्न नेपाल अनलाइन स्कूल संग काम गरिरहेकी छिन	ground_truth_dual_sentences.tsv	
छिन	tsʰ i n	4	tsʰ i n ʌ	तर के यो पनि मानवकेन्द्रित विश्वदृष्टि नै उपज होइन र कार्यक्रममा बोल्दै जाँदा एक छिन अघिको बर्डवाच दौरान देखिएको नीला घाँटी भएको सुन्दर कुथ्रुके सम्झें	ground_truth_dual_sentences.tsv	
सहन	s ʌ ɦ ʌ n ʌ	8	s ʌ ɦ ʌ n ʌ	जीवनको उत्तराद्र्धमा कहालिलाग्दो जीवन भोगेका उनी आखिर श्रीकृष्ण रहेछ एकको निष्कर्षमा मात्र पुगेनन् कि बाँच्नुको पीडा सहन गर्न नसकेर मृत्युको भीख माग्थे	ground_truth_dual_sentences.tsv	
सहन	s ʌ ɦ ʌ n	1	s ʌ ɦ ʌ n ʌ	उनले आफ्नो फेसबुक पोस्टमा झुक्याएर भाङ खुवाएपछी सहन नसकेर नदिमा हाम फालेको उल्लेख गरिकी छिन	ground_truth_dual_sentences.tsv	
