सुख	s u kʰ ʌ
दुख	d̪ u kʰ ʌ
दुःख	d̪ u kʰ ʌ
ट्रेन	ʈ r e n
रहन	r ʌ ɦ ʌ n ʌ
# Numbers 11-18: final schwa kept (athara, not athar)
एघार	e gʱ a r ʌ
बाह्र	b a ɦ r ʌ
तेह्र	t̪ e ɦ r ʌ
चौध	ts ʌu d̪ʱ ʌ
पन्ध्र	p ʌ n d̪ʱ r ʌ
सोह्र	s o ɦ r ʌ
सत्र	s ʌ t̪ r ʌ
अठार	ʌ ʈʰ a r ʌ
# Reviewed in the app (Review tab)
शुभ	s u bʱ ʌ
विकी	w i k i
जीवनी	dz i w a n i
वाक्नु	w a k n u
विकिको	w i k i k o
दुतावास	d̪ u t̪ a b a s
दूतावास	d̪ u t̪ a b a s
सरकार	s ʌ r k a r
कोलकाता	k o l k a t̪ a
विराटनगर	b i r a ʈ n ʌ g ʌ r
राजविराज	r a dz b i r a dz
अध्यक्ष	ʌ d̪ ʌ k tsʰ j ʌ
अन्तरराष्ट्रिय	ʌ n t̪ ʌ r r a s ʈ r i j ʌ
अहराइ	ʌ ɦ r a i
अहराई	ʌ ɦ r a i
अहराऊ	ʌ ɦ r a u
अहराए	ʌ ɦ r a e
अहराओ	ʌ ɦ r a o
उनतीस	u n t̪ i s
देवनागरी	d̪ e w n a g ʌ r i
योगदानको	j o g d̪ a n k o
योगदानहरू	j o g d̪ a n ɦ ʌ r u
राजधानी	r a dz d̪ʱ a n i
समाजवाद	s ʌ m a dz w a d̪
सोमवार	s o m w a r
सय	s ʌ j
हुन	ɦ u n ʌ
समय	s ʌ m ʌ j
होइन	ɦ o i n ʌ
जानकारी	dz a n k a r i
दिन	d̪ i n ʌ
राजनीतिक	r a dz n i t̪ i k
काठमाडौं	k a ʈʰ m a ɖ ʌũ
सिमेन्ट	s i m e n ʈ
गत	g ʌ t̪ ʌ
भइरहेको	bʱ ʌ i r ɦ e k o
सार्वजनिक	s a r w ʌ dz n i k
चलचित्र	ts ʌ l ts i t̪ r ʌ
विषयमा	b i s ʌ j m a
गरिरहेका	g ʌ r i r ʌ ɦ e k a
विषय	b i s ʌ j
समयमा	s ʌ m ʌ j m a
सरकारी	s ʌ r k a r i
रामधारी	r a m d̪ʱ a r i
दरबार	d̪ ʌ r b a r
काठमाडौँ	k a ʈʰ m a ɖ ʌũ
निर्णय	n i r n ʌ j
राजनीति	r a dz n i t̪ i
लोडसेडिङ	l o ɖ s e ɖ i ŋ
दिनको	d̪ i n ʌ k o
स्मार्ट	s m a r ʈ
लिन	l i n ʌ
तरकारी	t̪ ʌ r k a r i
नारायणहिटी	n a r a j ʌ n ɦ i ʈ i
उम्मेदवार	u m m e d̪ w a r
कमजोर	k ʌ m dz o r
जान	dz a n ʌ
कार्यालय	k a r j a l ʌ j
रेमिट्यान्स	r e m i ʈ j a n s
# Audio check: rival chosen by forced alignment, accepted in bulk (bench/accept_rivals.py)
अंश	ʌ̃ s ʌ
अक्सफोर्ड	ʌ k s ʌ pʰ o r ɖ
अगस्त	ʌ g ʌ s t̪
अघिकांश	ʌ gʱ i k ã s ʌ
अजय	ʌ dz ʌ j
अटोमोबाइल्स	ʌ ʈ o m o b a i l s
अठचालीस	ʌ ʈʰ ts a l i s
अठतीस	ʌ ʈʰ t̪ i s
अण्डर	ʌ n ɖ ʌ r ʌ
अण्डरग्राउण्ड	ʌ n ɖ ʌ r ʌ g r a u n ɖ
अतिक्रमणमुक्त	ʌ t̪ i k r ʌ m ʌ n m u k t̪ ʌ
अद्वैत	ʌ d̪ w ʌi t̪ ʌ
अधिकांश	ʌ d̪ʱ i k ã s ʌ
अधिकांशको	ʌ d̪ʱ i k ã s ʌ k o
अधिकारमाथि	ʌ d̪ʱ i k a r m a t̪ʰ i
अनलाइन	ʌ n l a i n
अनलाइनखबरसँगको	ʌ n l a i n ʌ kʰ ʌ b ʌ r s ʌ̃ g ʌ k o
अनलाइनबाट	ʌ n l a i n b a ʈ ʌ
अनलाइनमा	ʌ n l a i n m a
अनलाइनमार्फत	ʌ n l a i n ʌ m a r pʰ ʌ t̪
अनायसै	ʌ n a j s ʌi
अनिश्चितकालीन	ʌ n i s ts i t̪ k a l i n
अनुनय	ʌ n u n ʌ j
अनुभवबारे	ʌ n u bʱ ʌ w b a r e
अनुसन्धानका	ʌ n u s ʌ n d̪ʱ a n ʌ k a
अन्ततः	ʌ n t̪ ʌ t̪ ʌ ɦ
अन्तरघुलन	ʌ n t̪ ʌ r gʱ u l ʌ n
अन्तरदेशीय	ʌ n t̪ ʌ r d̪ e s i j ʌ
अन्तरनिकाय	ʌ n t̪ ʌ r n i k a j ʌ
अपडेट	ʌ p ɖ e ʈ
अपलोड	ʌ p l o ɖ
अभिनय	ʌ bʱ i n ʌ j
अभियोगबारे	ʌ bʱ i j o g b a r e
अमरसिंह	ʌ m ʌ r ʌ s ĩ ɦ
अलार्म	ʌ l a r m
अल्ट्रासाउण्ड	ʌ l ʈ r a s a u n ɖ
अवश्य	ʌ w ʌ s j
अवसरबारे	ʌ w ʌ s ʌ r b a r e
अवसरवादमा	ʌ w ʌ s ʌ r w a d̪ m a
अवैध	ʌ w ʌi d̪ʱ ʌ
असमझदारी	ʌ s ʌ m ʌ dzʱ d̪ a r i
अस्ट्रेलियन	ʌ s ʈ r e l i j ʌ n ʌ
अस्पतालपारी	ʌ s p ʌ t̪ a l p a r i
अस्पतालभित्र	ʌ s p ʌ t̪ a l bʱ i t̪ r ʌ
अस्पतालभित्रको	ʌ s p ʌ t̪ a l bʱ i t̪ r ʌ k o
अस्पतालमै	ʌ s p ʌ t̪ a l m ʌi
आइइएलटिएस	a i i e l ʈ i e s
आइन	a i n ʌ
आइरहे	a i r ɦ e
आइरहेका	a i r ɦ e k a
आइरहेको	a i r ɦ e k o
आचार्यले	a ts a r j l e
आडमा	a ɖ ʌ m a
आधारभूत	a d̪ʱ a r bʱ u t̪
आधाररेखा	a d̪ʱ a r r e kʰ a
आमनिर्वाचन	a m n i r w a ts ʌ n
आमनिर्वाचनमा	a m n i r w a ts ʌ n m a
आरबीआईमा	a r b i a i m a
आर्थिकरूपमा	a r t̪ʰ i k r u p m a
आलसतालस	a l ʌ s t̪ a l ʌ s
आवश्यकता	a w ʌ s j ʌ k t̪ a
आशय	a s ʌ j
आसपास	a s p a s
आसपासका	a s p a s k a
आसपासटुकुचाको	a s p a s ʌ ʈ u k u ts a k o
आहारविहार	a ɦ a r w i ɦ a r
इकमर्स	i k ʌ m ʌ r s
इकमर्सका	i k ʌ m ʌ r s k a
इकमर्समा	i k ʌ m ʌ r s m a
इकमर्सलाई	i k ʌ m ʌ r s l a i
इकमर्सले	i k ʌ m ʌ r s l e
इकमर्सहरूलाई	i k ʌ m ʌ r s ɦ ʌ r u l a i
इजलास	i dz l a s
इतिहास	i t̪ i ɦ a s
इथान	i t̪ʰ a n ʌ
इन्चार्ज	i n ts a r dz
इन्टरटेन्टमेन्ट	i n ʈ ʌ r ʈ e n ʈ ʌ m e n ʈ ʌ
इन्टरनेट	i n ʈ ʌ r n e ʈ
इन्टरनेटको	i n ʈ ʌ r n e ʈ k o
इन्टरनेशनल	i n ʈ ʌ r n e s ʌ n ʌ l
इन्टरनेसनल	i n ʈ ʌ r n e s ʌ n ʌ l
इन्ट्रेस्ट	i n ʈ r e s ʈ
इन्धनयुक्त	i n d̪ʱ ʌ n j u k t̪ ʌ
इभेन्ट	i bʱ e n ʈ
इभेन्ट्स	i bʱ e n ʈ s
इमेलभित्र	i m e l bʱ i t̪ r ʌ
इम्पोर्ट	i m p o r ʈ
इलेक्ट्रिकल	i l e k ʈ r i k ʌ l ʌ
इलेक्ट्रोनिक्स	i l e k ʈ r o n i k s
इलेक्ट्रोनिक्समा	i l e k ʈ r o n i k s m a
उठिरहेका	u ʈʰ i r ɦ e k a
उत्तरदायी	u t̪ t̪ ʌ r d̪ a j i
उत्तरप्रदेश	u t̪ t̪ ʌ r ʌ p r ʌ d̪ e s ʌ
उत्पादनका	u t̪ p a d̪ ʌ n ʌ k a
उत्पादनकै	u t̪ p a d̪ ʌ n k ʌi
उत्पादनमुखी	u t̪ p a d̪ ʌ n m u kʰ i
उत्पादनमूलक	u t̪ p a d̪ ʌ n m u l ʌ k
उदयको	u d̪ ʌ j k o
उदयपुरको	u d̪ ʌ j p u r k o
उदयपुरबाट	u d̪ ʌ j p u r b a ʈ ʌ
उदयपुरमा	u d̪ ʌ j p u r m a
उद्घाटन	u d̪ gʱ a ʈ ʌ n ʌ
उद्घोष	u d̪ gʱ o s ʌ
उद्योगमात्र	u d̪ j o g m a t̪ r ʌ
उद्योगहरू	u d̪ j o g ʌ ɦ ʌ r u
उद्योगहरूमा	u d̪ j o g ʌ ɦ ʌ r u m a
उद्योगहरूले	u d̪ j o g ʌ ɦ ʌ r u l e
उनका	u n k a
उनकै	u n k ʌi
उनान्सय	u n a n s ʌ j
उन्नयनमा	u n n ʌ j ʌ n ʌ m a
उपत्यकाबाहिर	u p ʌ t̪ j ʌ k a b a ɦ i r ʌ
उपनगरपालिका	u p ʌ n ʌ g ʌ r p a l i k a
उपभोग	u p bʱ o g
उपहारकै	u p ɦ a r ʌ k ʌi
उपाय	u p a j
उपायको	u p a j k o
उपायबाट	u p a j b a ʈ ʌ
उभिन	u bʱ i n ʌ
उमेर	u m e r
उमेरमा	u m e r m a
उमेश	u m e s ʌ
उम्मेदवारमध्ये	u m m e d̪ w a r ʌ m ʌ d̪ʱ j e
उम्मेदवारमा	u m m e d̪ w a r m a
उम्मेदवारलाई	u m m e d̪ w a r l a i
उम्मेदवारले	u m m e d̪ w a r l e
उम्मेदवारसँग	u m m e d̪ w a r s ʌ̃ g ʌ
उम्मेदवारसमेत	u m m e d̪ w a r ʌ s ʌ m e t̪
उम्मेदवारहरुको	u m m e d̪ w a r ʌ ɦ ʌ r u k o
उम्मेदवारहरुलाई	u m m e d̪ w a r ʌ ɦ ʌ r u l a i
उम्मेदवारहरुले	u m m e d̪ w a r ʌ ɦ ʌ r u l e
उसँग	u s ʌ̃ g ʌ
उसकासामू	u s k a s a m u
उसकै	u s k ʌi
उहाँहरुका	u ɦ ã ɦ r u k a
ऊतिर	u t̪ i r ʌ
ऊनका	u n ʌ k a
ऊसँग	u s ʌ̃ g ʌ
ऊसँगको	u s ʌ̃ g ʌ k o
एकचालीस	e k ts a l i s
एकछिन	e k tsʰ i n
एकछिनपछि	e k tsʰ i n p ʌ tsʰ i
एकछिनमा	e k tsʰ i n m a
एकजुट	e k dz u ʈ
एकतीस	e k t̪ i s
एकदिन	e k d̪ i n
एकनासले	e k n a s l e
एकमात्र	e k m a t̪ r ʌ
एकसाथ	e k s a t̪ʰ
एकहोरो	e k ɦ o r o
एकाउन्ट	e k a u n ʈ
एकैदिन	e k ʌi d̪ i n ʌ
एक्जामिनेसन्स	e k dz a m i n e s ʌ n s
एजेन्ट	e dz e n ʈ
एड्भान्स	e ɖ bʱ a n s
एण्ड	e n ɖ
एथलेटिक्स	e t̪ʰ l e ʈ i k s ʌ
एथ्लेटिक्सबाट	e t̪ʰ l e ʈ i k s b a ʈ ʌ
एनआरएन	e n ʌ a r ʌ e n
एन्टिथेफ्ट	e n ʈ i t̪ʰ e pʰ ʈ
एन्ड	e n ɖ
एपमार्फत्	e p m a r pʰ ʌ t̪
एप्स	e p s
एप्सबाट	e p s b a ʈ ʌ
एमडी	e m ɖ i
एमडीएमएम	e m ɖ i e m ʌ e m
एमडीएमएस	e m ɖ i e m ʌ e s
एमडीएमएसमा	e m ɖ i e m ʌ e s m a
एमेजोनबाटै	e m e dz o n b a ʈ ʌi
एम्बुलेन्स	e m b u l e n s
एम्बुलेन्सको	e m b u l e n s k o
एम्बुलेन्सबाट	e m b u l e n s b a ʈ ʌ
एम्बुलेन्समा	e m b u l e n s m a
एयरपोर्टबाट	e j ʌ r p o r ʈ b a ʈ ʌ
एयरपोर्टमा	e j ʌ r p o r ʈ m a
एयरलाइन्सको	e j ʌ r l a i n s ʌ k o
एयरविन्ड	e j ʌ r ʌ w i n ɖ
एलसी	e l s i
एलसीमार्फत	e l s i m a r pʰ ʌ t̪
एलाइन्सका	e l a i n s k a
एसएलसीसम्म	e s ʌ e l s i s ʌ m m ʌ
एसएसपी	e s ʌ e s p i
एसपी	e s p i
एसेप्ट	e s e p ʈ
एसोसिएसको	e s o s i e s ʌ k o
औपचारिकता	ʌu p ts a r i k ʌ t̪ a
कञ्चनपुर	k ʌ n ts ʌ n p u r
कतिपय	k ʌ t̪ i p ʌ j
कतिपयमा	k ʌ t̪ i p ʌ j m a
कतिपयले	k ʌ t̪ i p ʌ j l e
कदमबारे	k ʌ d̪ ʌ m b a r e
कनेक्ट	k ʌ n e k ʈ
कन्जरभेटिभ	k ʌ n dz ʌ r bʱ e ʈ i bʱ
कन्टेन्टहरू	k ʌ n ʈ e n ʈ ɦ ʌ r u
कन्डिसन्स	k ʌ n ɖ i s ʌ n s
कन्सलटेन्सी	k ʌ n s ʌ l ʈ e n s i
कन्सलट्यान्ट	k ʌ n s ʌ l ʌ ʈ j a n ʈ
कन्स्ट्रक्सनका	k ʌ n s ʈ r ʌ k s ʌ n ʌ k a
कभर	k ʌ bʱ ʌ r ʌ
कमजोरी	k ʌ m dz o r i
कमजोरीका	k ʌ m dz o r i k a
कमजोरीबारे	k ʌ m dz o r i b a r e
कमर्सियल	k ʌ m ʌ r s i j ʌ l ʌ
कमसेकम	k ʌ m s e k ʌ m
कमेन्ट	k ʌ m e n ʈ
कम्युनिष्ट	k ʌ m j u n i s ʈ
कम्युनिस्ट	k ʌ m j u n i s ʈ
कम्युनिस्टहरू	k ʌ m j u n i s ʈ ɦ ʌ r u
कम्लेक्स	k ʌ m l e k s
करेन्ट	k ʌ r e n ʈ
कलकारखानालाई	k ʌ l k a r ʌ kʰ a n a l a i
कलाकारको	k ʌ l a k a r ʌ k o
कश्मीर	k ʌ s m i r ʌ
काठमाडौँका	k a ʈʰ m a ɖ ʌũ k a
काठमाडौँको	k a ʈʰ m a ɖ ʌũ k o
काठमाडौँबाट	k a ʈʰ m a ɖ ʌũ b a ʈ ʌ
काठमाडौँमा	k a ʈʰ m a ɖ ʌũ m a
काठमाडौँमै	k a ʈʰ m a ɖ ʌũ m ʌi
काठमाडौँलाई	k a ʈʰ m a ɖ ʌũ l a i
काठमाडौँसँगै	k a ʈʰ m a ɖ ʌũ s ʌ̃ g ʌi
काठमाडौंका	k a ʈʰ m a ɖ ʌũ k a
काठमाडौंको	k a ʈʰ m a ɖ ʌũ k o
काठमाडौंबाटै	k a ʈʰ m a ɖ ʌu m b a ʈ ʌi
काठमाडौंमा	k a ʈʰ m a ɖ ʌũ m a
कानुनीरूपमै	k a n u n i r u p m ʌi
काभ्रेपलाञ्चोककै	k a bʱ r e p l a n ts o k ʌ k ʌi
कामकाजी	k a m k a dz i
कामदार	k a m d̪ a r
कामदारको	k a m d̪ a r k o
कारखाना	k a r kʰ a n a
कारखानाका	k a r kʰ a n a k a
कारखानाको	k a r kʰ a n a k o
कारखानाभित्र	k a r kʰ a n a bʱ i t̪ r ʌ
कारखानामा	k a r kʰ a n a m a
कारखानालाई	k a r kʰ a n a l a i
कारखानाले	k a r kʰ a n a l e
कारखानासँग	k a r kʰ a n a s ʌ̃ g ʌ
कारबाही	k a r b a ɦ i
कारबाहीको	k a r b a ɦ i k o
कारवाही	k a r w a ɦ i
कारवाहीका	k a r w a ɦ i k a
कार्यक्रमबीच	k a r j ʌ k r ʌ m b i ts
कार्यलयहरूले	k a r j ʌ l ʌ j ɦ ʌ r u l e
कार्यलाई	k a r j l a i
कार्यालयका	k a r j a l ʌ j k a
कार्यालयको	k a r j a l ʌ j k o
कार्यालयबाट	k a r j a l ʌ j b a ʈ ʌ
कार्यालयमा	k a r j a l ʌ j m a
कार्यालयमार्फत	k a r j a l ʌ j m a r pʰ ʌ t̪
कार्यालयले	k a r j a l ʌ j l e
कार्यालयहरूमा	k a r j a l ʌ j ɦ ʌ r u m a
कालमोचन	k a l m o ts ʌ n
किचन	k i ts ʌ n
किड्स	k i ɖ s
किनकिन	k i n ʌ k i n ʌ
किन्दिन	k i n d̪ i n ʌ
किबोर्डको	k i b o r ɖ k o
किरणकै	k i r ʌ n k ʌi
किलोग्राममाथि	k i l o g r a m m a t̪ʰ i
किसान	k i s a n ʌ
कीटनाशक	k i ʈ n a s ʌ k
कुटपिट	k u ʈ p i ʈ
कुटपिटको	k u ʈ p i ʈ k o
कुलमान	k u l m a n
केहीबेर	k e ɦ i b e r
केहीबेरमा	k e ɦ i b e r m a
कोण	k o n ʌ
कोबाल्ट	k o b a l ʈ
कोर्स	k o r s
कोशिस	k o s i s ʌ
कोषमार्फत	k o s m a r pʰ ʌ t̪
कोषराज	k o s r a dz
कोसँग	k o s ʌ̃ g ʌ
कोहलपुर	k o ɦ ʌ l p u r
कौतुहलतासँगै	k ʌu t̪ u ɦ ʌ l t̪ a s ʌ̃ g ʌi
कौशलकिशोर	k ʌu s ʌ l k i s o r
क्यानभासमा	k j a n bʱ a s m a
क्याम्पसटुकुचाको	k j a m p ʌ s ʈ u k u ts a k o
क्रमशः	k r ʌ m ʌ s ʌ ɦ
क्रिमिनल	k r i m i n ʌ l ʌ
क्लासमै	k l a s m ʌi
क्वीन्सल्यान्डमा	k w i n s ʌ l j a n ɖ m a
क्षेत्रफलभित्र	k tsʰ e t̪ r ʌ pʰ ʌ l bʱ i t̪ r ʌ
खङ्ग्रङ्ङ	kʰ ʌ ŋ g r ʌ ŋ ŋ ʌ
खटिरहेका	kʰ ʌ ʈ i r ɦ e k a
खतरनाक	kʰ ʌ t̪ ʌ r n a k
खतरा	kʰ ʌ t̪ r a
खबरदारी	kʰ ʌ b ʌ r d̪ a r i
खाइरहेका	kʰ a i r ɦ e k a
खान	kʰ a n ʌ
खानदानकी	kʰ a n d̪ a n k i
खानदानमा	kʰ a n d̪ a n m a
खासखुस	kʰ a s kʰ u s
खेतबारी	kʰ e t̪ b a r i
खेतबारीमा	kʰ e t̪ b a r i m a
खेलकुद	kʰ e l k u d̪
खेलकुदका	kʰ e l k u d̪ k a
खेलकुदको	kʰ e l k u d̪ k o
खेलकुदमा	kʰ e l k u d̪ m a
खेलकुदलाई	kʰ e l k u d̪ l a i
खेलवाड	kʰ e l w a ɖ
खोजिरहेका	kʰ o dz i r ɦ e k a
खोजिरहेको	kʰ o dz i r ɦ e k o
गइरहेका	g ʌ i r ɦ e k a
गइरहेको	g ʌ i r ɦ e k o
गठबन्धनका	g ʌ ʈʰ ʌ b ʌ n d̪ʱ ʌ n ʌ k a
गठबन्धनभित्र	g ʌ ʈʰ ʌ b ʌ n d̪ʱ ʌ n bʱ i t̪ r ʌ
गणेश	g ʌ n e s
गन्तव्यको	g ʌ n t̪ ʌ w j k o
गन्तव्यमा	g ʌ n t̪ ʌ w j m a
गफिन	g ʌ pʰ i n ʌ
गर	g ʌ r ʌ
गरिरहेकी	g ʌ r i r ɦ e k i
गरिरहेकै	g ʌ r i r ɦ e k ʌi
गरिरहेको	g ʌ r i r ʌ ɦ e k o
गर्दिन	g ʌ r d̪ i n ʌ
गर्नुछ	g ʌ r n u tsʰ
गर्लफ्रेन्ड	g ʌ r l ʌ pʰ r e n ɖ
गार्मेन्ट	g a r m e n ʈ
गार्मेन्टको	g a r m e n ʈ k o
गुड्सको	g u ɖ s k o
गुणराज	g u n r a dz
गेटभित्र	g e ʈ bʱ i t̪ r ʌ
गेम्स	g e m s
गैर	g ʌi r ʌ
गैरकानुनी	g ʌi r k a n u n i
गैरजिम्मेवार	g ʌi r dz i m m e w a r
गैरसरकारी	g ʌi r ʌ s ʌ r k a r i
गोठाटारबाहेक	g o ʈʰ a ʈ a r b a ɦ e k
गोरखा	g o r kʰ a
गोरखापत्रमा	g o r kʰ a p ʌ t̪ r ʌ m a
गोलभेडा	g o l bʱ e ɖ a
गोलीमार	g o l i m a r ʌ
गोल्ड	g o l ɖ
गौतमबुद्ध	g ʌu t̪ ʌ m b u d̪ d̪ʱ ʌ
गौतमबुद्धमा	g ʌu t̪ ʌ m b u d̪ d̪ʱ ʌ m a
ग्राउण्डका	g r a u n ɖ k a
घटनाले	gʱ ʌ ʈ n a l e
घटाइरहेको	gʱ ʌ ʈ a i r ɦ e k o
घटिरहेका	gʱ ʌ ʈ i r ɦ e k a
घटिरहेको	gʱ ʌ ʈ i r ɦ e k o
घरकै	gʱ ʌ r k ʌi
घरबाटै	gʱ ʌ r b a ʈ ʌi
घरबार	gʱ ʌ r b a r
घरबाहिर	gʱ ʌ r ʌ b a ɦ i r ʌ
घरभित्रै	gʱ ʌ r bʱ i t̪ r ʌi
घरमै	gʱ ʌ r m ʌi
घामझैँ	gʱ a m dzʱ ʌĩ
घुमफिर	gʱ u m pʰ i r
घुमफिरमा	gʱ u m pʰ i r m a
घुसखोरी	gʱ u s kʰ o r i
चकलेट	ts ʌ k l e ʈ
चकलेटहरूको	ts ʌ k l e ʈ ɦ ʌ r u k o
चटनी	ts ʌ ʈ n i
चर्किरहेको	ts ʌ r k i r ɦ e k o
चलचित्रका	ts ʌ l ts i t̪ r ʌ k a
चलचित्रको	ts ʌ l ts i t̪ r ʌ k o
चलचित्रमा	ts ʌ l ts i t̪ r ʌ m a
चलचित्रले	ts ʌ l ts i t̪ r ʌ l e
चलाइरहेका	ts ʌ l a i r ɦ e k a
चलिरहेको	ts ʌ l i r ɦ e k o
चाखलाग्दो	ts a kʰ l a g d̪ o
चानचुने	ts a n ts u n e
चार्ज	ts a r dz
चार्जमा	ts a r dz m a
चिटचिट	ts i ʈ ts i ʈ
चितवनको	ts i t̪ ʌ w ʌ n ʌ k o
चिनचान	ts i n ts a n
चिनजान	ts i n dz a n
चिनजानका	ts i n dz a n k a
चिनजानको	ts i n dz a n k o
चिम्फिङ	ts i m pʰ i ŋ ʌ
चीनका	ts i n ʌ k a
चीनबीच	ts i n b i ts
चुनढुङ्गामा	ts u n ɖʱ u ŋ g a m a
चेकजाँच	ts e k dz ã ts
चेन	ts e n
चौधरी	ts ʌu d̪ʱ r i
च्याम्पिनयसिप	ts j a m p i n ʌ j s i p
च्याम्पिनसिपकै	ts j a m p i n s i p ʌ k ʌi
च्याम्पिनसिपको	ts j a m p i n s i p k o
च्याम्पियनसिपको	ts j a m p i j ʌ n s i p k o
च्याम्पियनसिपपछि	ts j a m p i j ʌ n s i p ʌ p ʌ tsʰ i
च्याम्पियनसिपमा	ts j a m p i j ʌ n s i p m a
च्याम्पियनसिपले	ts j a m p i j ʌ n s i p l e
च्याम्पियसिपमा	ts j a m p i j s i p m a
च्याम्प्यिनसिपको	ts j a m p j i n s i p k o
छाँटकाँट	tsʰ ã ʈ k ã ʈ
छानबिन	tsʰ a n b i n
छानबिनका	tsʰ a n b i n k a
छानबिनमा	tsʰ a n b i n m a
छापिन	tsʰ a p i n ʌ
छिटपुटरुपमा	tsʰ i ʈ p u ʈ ʌ r u p m a
छिप्पिन	tsʰ i p p i n ʌ
छुट्टिनका	tsʰ u ʈ ʈ i n ʌ k a
छेकवार	tsʰ e k w a r
जटिलता	dz ʌ ʈ i l t̪ a
जटिलताका	dz ʌ ʈ i l t̪ a k a
जटिलताको	dz ʌ ʈ i l t̪ a k o
जनआन्दोलनमार्फत	dz ʌ n ʌ a n d̪ o l ʌ n m a r pʰ ʌ t̪
जनसमुदायको	dz ʌ n ʌ s ʌ m u d̪ a j k o
जबर्जस्त	dz ʌ b ʌ r dz ʌ s t̪
जयकिशोर	dz ʌ j k i s o r
जयनेपाल	dz ʌ j n e p a l
जयपुरी	dz ʌ j p u r i
जलमार्गको	dz ʌ l m a r g ʌ k o
जलविद्युत	dz ʌ l w i d̪ j u t̪
जलविद्युतका	dz ʌ l w i d̪ j u t̪ k a
जसमार्फत	dz ʌ s m a r pʰ ʌ t̪
जागिरबारे	dz a g i r b a r e
जानकार	dz a n k a r
जानकी	dz a n ʌ k i
जानलाई	dz a n ʌ l a i
जापानबाहिर	dz a p a n ʌ b a ɦ i r ʌ
जायजेथा	dz a j dz e t̪ʰ a
जारभित्र	dz a r bʱ i t̪ r ʌ
जितजंग	dz i t̪ ʌ dz ʌ ŋ g
जिन्सको	dz i n s k o
जीवनका	dz i w ʌ n ʌ k a
जीवनज	dz i w ʌ n ʌ dz ʌ
जीवनशैली	dz i w ʌ n s ʌi l i
जुगल	dz u g ʌ l ʌ
जुनसुकै	dz u n s u k ʌi
जेनतेन	dz e n t̪ e n ʌ
जेबाट	dz e b a ʈ ʌ
जोगाइरहेका	dz o g a i r ɦ e k a
जोसँग	dz o s ʌ̃ g ʌ
ज्ञानगुनका	g j a n g u n k a
ज्यान	dz j a n ʌ
ज्वाइन	dz w a i n ʌ
झैझगडा	dzʱ ʌi dzʱ ʌ g ɖ a
टर्क	ʈ ʌ r k
टाइमपासको	ʈ a i m p a s k o
टिकटकमार्फत	ʈ i k ʌ ʈ ʌ k m a r pʰ ʌ t̪
टिकटकमै	ʈ i k ʌ ʈ ʌ k m ʌi
टिलपिल	ʈ i l p i l
टीकापुर	ʈ i k a p u r ʌ
टुँडालदेवी	ʈ ũ ɖ a l d̪ e w i
टुंग	ʈ u ŋ g
टेकपानालाई	ʈ e k p a n a l a i
टेकपानासँग	ʈ e k p a n a s ʌ̃ g ʌ
टेबलतिरै	ʈ e b ʌ l t̪ i r ʌi
टेलिभिजनका	ʈ e l i bʱ i dz ʌ n ʌ k a
टेस्ट	ʈ e s ʈ ʌ
टेस्टिङ	ʈ e s ʈ i ŋ ʌ
टोकटोकको	ʈ o k ʈ o k k o
टोकटोकतिर	ʈ o k ʈ o k t̪ i r ʌ
टोकटोकमा	ʈ o k ʈ o k m a
टोलटोलबाट	ʈ o l ʈ o l b a ʈ ʌ
ट्याबलेट	ʈ j a b l e ʈ
ट्राफिक	ʈ r a pʰ i k ʌ
ट्रिटमेन्ट	ʈ r i ʈ m e n ʈ ʌ
ट्रेडमार्क	ʈ r e ɖ m a r k ʌ
ट्रेडमार्कमा	ʈ r e ɖ m a r k ʌ m a
ट्रेन्ड	ʈ r e n ɖ
ट्रेन्डलाई	ʈ r e n ɖ l a i
ठेकदार	ʈʰ e k d̪ a r
ठेलमठेल	ʈʰ e l ʌ m ʈʰ e l
डकुमेन्टहरू	ɖ ʌ k u m e n ʈ ɦ ʌ r u
डायरी	ɖ a j r i
डायरीमा	ɖ a j r i m a
डायरीमै	ɖ a j r i m ʌi
डिएन	ɖ i e n
डिएसपी	ɖ i e s p i
डिपेन्डेटमा	ɖ i p e n ɖ e ʈ ʌ m a
डिपेन्डेन्ट	ɖ i p e n ɖ e n ʈ
डिपेन्डेन्टमा	ɖ i p e n ɖ e n ʈ m a
डिशहोम	ɖ i s ɦ o m
डिशहोमले	ɖ i s ɦ o m l e
डिसकनेक्ट	ɖ i s ʌ k ʌ n e k ʈ
डिसयुज्ड	ɖ i s ʌ j u dz ɖ
डेटासेन्टर	ɖ e ʈ a s e n ʈ ʌ r ʌ
डेलिभरी	ɖ e l i bʱ r i
ड्याङ्ङ	ɖ j a ŋ ŋ ʌ
ड्रोन	ɖ r o n
ढामढुम	ɖʱ a m ɖʱ u m
तत्परता	t̪ ʌ t̪ p ʌ r t̪ a
तथ्यले	t̪ ʌ t̪ʰ j l e
तपाइँहरुलाई	t̪ ʌ p a ĩ ɦ r u l a i
तय	t̪ ʌ j
तामझाम	t̪ a m dzʱ a m
तामझामका	t̪ a m dzʱ a m k a
तालमेल	t̪ a l m e l
तिनपैनीका	t̪ i n p ʌi n i k a
तिरमिराउँथ्यो	t̪ i r m i r a ũ t̪ʰ j o
तिरमिराए	t̪ i r m i r a e
तीनधारा	t̪ i n d̪ʱ a r a
तीनपैनी	t̪ i n p ʌi n i
त्यतिञ्जेल	t̪ j ʌ t̪ i n dz e l ʌ
त्यसकारण	t̪ j ʌ s k a r ʌ n
त्यसबारे	t̪ j ʌ s b a r e
त्यसबाहेक	t̪ j ʌ s b a ɦ e k
त्यसबाहेकका	t̪ j ʌ s b a ɦ e k k a
त्यसबेला	t̪ j ʌ s b e l a
त्यसभित्र	t̪ j ʌ s bʱ i t̪ r ʌ
त्यसमार्फत	t̪ j ʌ s m a r pʰ ʌ t̪
त्यसमै	t̪ j ʌ s m ʌi
त्रिपुरेश्वर	t̪ r i p u r e s w ʌ r ʌ
त्रैमास	t̪ r ʌi m a s ʌ
थिइन	t̪ʰ i i n ʌ
थ्यांक	t̪ʰ j a ŋ k
दरखास्त	d̪ ʌ r kʰ a s t̪ ʌ
दरबारको	d̪ ʌ r b a r k o
दरबारमार्गको	d̪ ʌ r ʌ b a r ʌ m a r g k o
दलभित्र	d̪ ʌ l bʱ i t̪ r ʌ
दलहरू	d̪ ʌ l ʌ ɦ ʌ r u
दलहरूका	d̪ ʌ l ʌ ɦ ʌ r u k a
दलहरूले	d̪ ʌ l ʌ ɦ ʌ r u l e
दलहरूसँग	d̪ ʌ l ʌ ɦ ʌ r u s ʌ̃ g ʌ
दशकयता	d̪ ʌ s ʌ k ʌ j t̪ a
दाम्पत्य	d̪ a m p ʌ t̪ j
दायरा	d̪ a j r a
दायराभित्र	d̪ a j r a bʱ i t̪ r ʌ
दायरामा	d̪ a j r a m a
दालभात	d̪ a l bʱ a t̪
दाहालबीच	d̪ a ɦ a l b i ts
दाहालहरूलाई	d̪ a ɦ a l ʌ ɦ ʌ r u l a i
दिइरहेका	d̪ i i r ɦ e k a
दिइरहेको	d̪ i i r ɦ e k o
दिनदिनै	d̪ i n d̪ i n ʌi
दिनबाटै	d̪ i n b a ʈ ʌi
दिनभित्र	d̪ i n bʱ i t̪ r ʌ
दिनमै	d̪ i n m ʌi
दुईबीच	d̪ u i b i ts ʌ
दुर्घटनामा	d̪ u r gʱ ʌ ʈ n a m a
दूरगामी	d̪ u r g a m i
दूरतामा	d̪ u r t̪ a m a
देखाइरहेको	d̪ e kʰ a i r ɦ e k o
देखिन	d̪ e kʰ i n ʌ
देखिनका	d̪ e kʰ i n ʌ k a
देखिरहेका	d̪ e kʰ i r ɦ e k a
देवकुमारी	d̪ e w k u m a r i
देशकै	d̪ e s k ʌi
देशबीचको	d̪ e s b i ts k o
देशभित्र	d̪ e s bʱ i t̪ r ʌ
देशभित्रै	d̪ e s bʱ i t̪ r ʌi
देशमै	d̪ e s m ʌi
दौडधूप	d̪ ʌu ɖ d̪ʱ u p
द्वन्द्वात्मक	d̪ w ʌ n d̪ w a t̪ m ʌ k ʌ
धड्किन	d̪ʱ ʌ ɖ k i n ʌ
धनकुटा	d̪ʱ ʌ n k u ʈ a
धनकुटाका	d̪ʱ ʌ n k u ʈ a k a
धनकुटाबाट	d̪ʱ ʌ n k u ʈ a b a ʈ ʌ
धनकुटामा	d̪ʱ ʌ n k u ʈ a m a
धाइरहेका	d̪ʱ a i r ɦ e k a
धानिरहेका	d̪ʱ a n i r ɦ e k a
ध्रुव	d̪ʱ r u w ʌ
ध्रुवका	d̪ʱ r u w ʌ k a
नगदमै	n ʌ g ʌ d̪ m ʌi
नगरपालिका	n ʌ g ʌ r p a l i k a
नगरपालिकाका	n ʌ g ʌ r p a l i k a k a
नगरपालिकाको	n ʌ g ʌ r p a l i k a k o
नगरपालिकाले	n ʌ g ʌ r p a l i k a l e
नछुट्टिकन	n ʌ tsʰ u ʈ ʈ i k ʌ n ʌ
नछोइकन	n ʌ tsʰ o i k ʌ n ʌ
नजिकिन	n ʌ dz i k i n ʌ
नडराइकन	n ʌ ɖ ʌ r a i k ʌ n ʌ
नदिन	n ʌ d̪ i n ʌ
नपुगीकन	n ʌ p u g i k ʌ n ʌ
नभनीकन	n ʌ bʱ ʌ n i k ʌ n ʌ
नभुल	n ʌ bʱ u l ʌ
नमिलाइकन	n ʌ m i l a i k ʌ n ʌ
नर्गिस	n ʌ r g i s ʌ
नर्सलाई	n ʌ r s l a i
नर्सहरू	n ʌ r s ɦ ʌ r u
नवलपुरको	n ʌ w ʌ l p u r k o
नवलपुरमा	n ʌ w ʌ l p u r m a
नसोच्न	n ʌ s o ts n
नहिँड	n ʌ ɦ ĩ ɖ ʌ
नहुन	n ʌ ɦ u n ʌ
नागरिक	n a g r i k
नागरिकका	n a g r i k k a
नागरिकको	n a g r i k k o
नागरिकता	n a g r i k t̪ a
नागरिकप्रति	n a g r i k ʌ p r ʌ t̪ i
नागरिकबीचको	n a g r i k ʌ b i ts k o
नागरिकमाथि	n a g r i k ʌ m a t̪ʰ i
नागरिकलाई	n a g r i k l a i
नागरिकले	n a g r i k l e
नागरिकसम्बन्धी	n a g r i k ʌ s ʌ m b ʌ n d̪ʱ i
नागाल्यान्डमा	n a g a l j a n ɖ m a
नाच	n a ts ʌ
नाचगान	n a ts g a n
नारायणहिटीदेखि	n a r a j ʌ n ɦ i ʈ i d̪ e kʰ i
नारायणहिटीसम्मटुकुचाको	n a r a j ʌ n ɦ i ʈ i s ʌ m m ʌ ʈ u k u ts a k o
नारायणहिटीसम्मयो	n a r a j ʌ n ɦ i ʈ i s ʌ m m ʌ j o
निकटता	n i k ʌ ʈ t̪ a
निकाय	n i k a j
निकायका	n i k a j k a
निकायबाट	n i k a j b a ʈ ʌ
निकायले	n i k a j l e
निकायहरूले	n i k a j ɦ ʌ r u l e
निजीकरण	n i dz i k ʌ r ʌ n ʌ
निमकान्त	n i m k a n t̪ ʌ
नियन्त्रणमा	n i j ʌ n t̪ r ʌ n ʌ m a
नियोजनकै	n i j o dz ʌ n k ʌi
निरन्तरता	n i r ʌ n t̪ ʌ r t̪ a
निराशाजनक	n i r a s a dz ʌ n ʌ k ʌ
निर्णयकै	n i r n ʌ j k ʌi
निर्णयबाट	n i r n ʌ j b a ʈ ʌ
निर्णयलाई	n i r n ʌ j l a i
निर्देशकमात्र	n i r d̪ e s ʌ k m a t̪ r ʌ
निर्यातयोग्य	n i r j a t̪ j o g j ʌ
निवेदन	n i w e d̪ ʌ n ʌ
निस्कन	n i s k ʌ n ʌ
निस्किन	n i s k i n ʌ
निस्किरहे	n i s k i r ɦ e
नुनपानी	n u n p a n i
नुनपानीमा	n u n p a n i m a
नेटवर्क	n e ʈ ʌ w ʌ r k
नेटवर्कमा	n e ʈ ʌ w ʌ r k m a
नेपालकै	n e p a l k ʌi
नेपालबीचको	n e p a l b i ts k o
नेपालमै	n e p a l m ʌi
न्यायका	n j a j k a
न्यायलाई	n j a j l a i
न्यून	n j u n ʌ
पटकमात्रै	p ʌ ʈ ʌ k m a t̪ r ʌi
पठाइन	p ʌ ʈʰ a i n ʌ
पढाइन	p ʌ ɖʱ a i n ʌ
पढाइरहेकी	p ʌ ɖʱ a i r ɦ e k i
पढिरहनु	p ʌ ɖʱ i r ʌ ɦ n u
पब्लिकेसन्स	p ʌ b l i k e s ʌ n s
परराष्ट्र	p ʌ r r a s ʈ r ʌ
परिचय	p ʌ r i ts ʌ j
परिरहेको	p ʌ r i r ɦ e k o
परिवारकै	p ʌ r i w a r k ʌi
परिसंघले	p ʌ r i s ʌ ŋ gʱ l e
पर्सबाट	p ʌ r s b a ʈ ʌ
पलहरू	p ʌ l ʌ ɦ ʌ r u
पसलहरू	p ʌ s ʌ l ʌ ɦ ʌ r u
पसलेको	p ʌ s ʌ l e k o
पहाडको	p ʌ ɦ a ɖ ʌ k o
पहिचानबारे	p ʌ ɦ i ts a n b a r e
पहुँचयोग्य	p ʌ ɦ ũ ts j o g j ʌ
पाइन्टको	p a i n ʈ k o
पाइन्टमा	p a i n ʈ m a
पाइपलाइनमा	p a i p l a i n m a
पाइरहेका	p a i r ɦ e k a
पाटन	p a ʈ ʌ n
पार्टनरशिपको	p a r ʈ ʌ n ʌ r s i p k o
पालनपोषण	p a l ʌ n p o s ʌ n
पालनपोषणलाई	p a l ʌ n p o s ʌ n l a i
पावरप्लान्ट	p a w ʌ r ʌ p l a n ʈ
पुगिरहेका	p u g i r ɦ e k a
पुनः	p u n ʌ ɦ
पुनःसथापित	p u n ʌ ɦ s t̪ʰ a p i t̪
पुर्याइरहेका	p u r j a i r ɦ e k a
पुस्तकालय	p u s t̪ ʌ k a l ʌ j
पूर्वराजदूत	p u r w ʌ r a dz d̪ u t̪
पेस्ट	p e s ʈ
पैदलमार्ग	p ʌi d̪ ʌ l m a r g ʌ
पोइन्ट	p o i n ʈ
पोल्यान्ड	p o l j a n ɖ
पोल्यान्डमा	p o l j a n ɖ m a
प्रकाश	p r ʌ k a s ʌ
प्रकाशराज	p r ʌ k a s r a dz
प्रगाढता	p r ʌ g a ɖʱ t̪ a
प्रतिफल	p r ʌ t̪ i pʰ ʌ l ʌ
प्रतिशतमात्रै	p r ʌ t̪ i s ʌ t̪ m a t̪ r ʌi
प्रदेशभित्र	p r ʌ d̪ e s bʱ i t̪ r ʌ
प्रभावकारी	p r ʌ bʱ a w k a r i
प्रसान्त	p r ʌ s a n t̪
प्राथमिक	p r a t̪ʰ m i k
प्राथमिकता	p r a t̪ʰ m i k ʌ t̪ a
प्राथमिकतामा	p r a t̪ʰ m i k ʌ t̪ a m a
प्राधिकरणबाटै	p r a d̪ʱ i k ʌ r ʌ n b a ʈ ʌi
प्राधिकरणभित्रैबाट	p r a d̪ʱ i k ʌ r ʌ n bʱ i t̪ r ʌi b a ʈ ʌ
प्राप्तअनुसार	p r a p t̪ ʌ ʌ n u s a r ʌ
प्रिय	p r i j ʌ
प्रेसटिज	p r e s ʈ i dz
प्रोजेक्टमा	p r o dz e k ʈ m a
प्लाटफर्म	p l a ʈ ʌ pʰ ʌ r m
प्लाटफर्ममा	p l a ʈ ʌ pʰ ʌ r m m a
प्लान्ट	p l a n ʈ
प्लान्टको	p l a n ʈ k o
प्लान्टमा	p l a n ʈ m a
प्लान्टलाई	p l a n ʈ l a i
प्लास्टिकमै	p l a s ʈ i k m ʌi
प्लेटफर्म	p l e ʈ ʌ pʰ ʌ r m
प्लेटफर्ममा	p l e ʈ ʌ pʰ ʌ r m m a
फरवार्ड	pʰ ʌ r ʌ w a r ɖ
फर्कन	pʰ ʌ r k ʌ n ʌ
फर्किइन	pʰ ʌ r k i i n ʌ
फर्किन	pʰ ʌ r k i n ʌ
फलफूल	pʰ ʌ l pʰ u l
फाइलमाथि	pʰ a i l m a t̪ʰ i
फाक्दिङमै	pʰ a k d̪ i ŋ m ʌi
फालाफाल	pʰ a l a pʰ a l ʌ
फास्टेस्ट	pʰ a s ʈ e s ʈ
फिक्स	pʰ i k s
फिक्स्ड	pʰ i k s ɖ
फिचर्समा	pʰ i ts ʌ r s m a
फिजिक्स	pʰ i dz i k s
फिटनेस	pʰ i ʈ n e s
फिटनेसमा	pʰ i ʈ n e s m a
फिटनेसले	pʰ i ʈ n e s l e
फिल्ड	pʰ i l ɖ
फुटपाथ	pʰ u ʈ p a t̪ʰ
फुटपाथका	pʰ u ʈ p a t̪ʰ k a
फुटफाथ	pʰ u ʈ pʰ a t̪ʰ
फुरुङ्ङ	pʰ u r u ŋ ŋ ʌ
फुलचार्ज	pʰ u l ts a r dz ʌ
फुल्पिङकोट	pʰ u l p i ŋ k o ʈ
फेरिरहेको	pʰ e r i r ɦ e k o
फेल्ट	pʰ e l ʈ
फेसबुक	pʰ e s b u k
फेसबुकमा	pʰ e s b u k m a
फेस्टिभलको	pʰ e s ʈ i bʱ ʌ l ʌ k o
फैलिन	pʰ ʌi l i n ʌ
फोनमै	pʰ o n m ʌi
फोहोरमैला	pʰ o ɦ o r m ʌi l a
फ्रेन्ड	pʰ r e n ɖ
फ्लाईज	pʰ l a i dz ʌ
बंकरभित्र	b ʌ ŋ k ʌ r bʱ i t̪ r ʌ
बंगलादेश	b ʌ ŋ g l a d̪ e s
बंगलादेशका	b ʌ ŋ g l a d̪ e s k a
बंगलादेशको	b ʌ ŋ g l a d̪ e s k o
बंगलादेशबाट	b ʌ ŋ g l a d̪ e s b a ʈ ʌ
बंगलादेशबीचको	b ʌ ŋ g l a d̪ e s ʌ b i ts k o
बंगलादेशमा	b ʌ ŋ g l a d̪ e s m a
बंगलादेशलाई	b ʌ ŋ g l a d̪ e s l a i
बंगलादेशले	b ʌ ŋ g l a d̪ e s l e
बंगलादेशसँग	b ʌ ŋ g l a d̪ e s s ʌ̃ g ʌ
बंगलादेशी	b ʌ ŋ g l a d̪ e s i
बगिरहे	b ʌ g i r ɦ e
बजारकेन्द्रित	b ʌ dz a r k e n d̪ r i t̪
बजारटुकुचाको	b ʌ dz a r ʈ u k u ts a k o
बजेटकै	b ʌ dz e ʈ k ʌi
बजेटमार्फत	b ʌ dz e ʈ m a r pʰ ʌ t̪
बजेटमै	b ʌ dz e ʈ m ʌi
बढिरहेका	b ʌ ɖʱ i r ɦ e k a
बढिरहेको	b ʌ ɖʱ i r ɦ e k o
बदनामी	b ʌ d̪ n a m i
बदमासी	b ʌ d̪ m a s i
बदलिन्छौ	b ʌ d̪ l i n tsʰ ʌu
बदलौँ	b ʌ d̪ l ʌũ
बनाइरहेको	b ʌ n a i r ɦ e k o
बनिदिन	b ʌ n i d̪ i n ʌ
बनिरहेका	b ʌ n i r ɦ e k a
बनिरहेको	b ʌ n i r ɦ e k o
बराल	b ʌ r a l ʌ
बलिदान	b ʌ l i d̪ a n ʌ
बसिरहेकी	b ʌ s i r ɦ e k i
बसोबास	b ʌ s o b a s
बहुदल	b ʌ ɦ u d̪ ʌ l ʌ
बहुलता	b ʌ ɦ u l t̪ a
बाँडफाँट	b ã ɖ pʰ ã ʈ
बाँडफाँटमा	b ã ɖ pʰ ã ʈ m a
बाघरूपी	b a gʱ r u p i
बाजपेयीसँग	b a dz p e j i s ʌ̃ g ʌ
बाथरूम	b a t̪ʰ r u m
बाध्य	b a d̪ʱ j
बाबजुद	b a b dz u d̪
बालकलेझैं	b a l ʌ k l e dzʱ ʌĩ
बालकृष्ण	b a l k r i s n ʌ
बालकोनीमा	b a l k o n i m a
बालबालिककालाई	b a l b a l i k k a l a i
बालबालिका	b a l b a l i k a
बालबालिकाको	b a l b a l i k a k o
बालबालिकालाई	b a l b a l i k a l a i
बालबालिकाले	b a l b a l i k a l e
बालबालिकाहरुका	b a l b a l i k a ɦ ʌ r u k a
बालबालिकाहरुको	b a l b a l i k a ɦ ʌ r u k o
बालबालिकाहरुमा	b a l b a l i k a ɦ ʌ r u m a
बालबालिकाहरुले	b a l b a l i k a ɦ ʌ r u l e
बालमन्दिर	b a l ʌ m ʌ n d̪ i r ʌ
बालविवाह	b a l w i w a ɦ ʌ
बालविवाहलाई	b a l w i w a ɦ ʌ l a i
बालिरहेका	b a l i r ɦ e k a
बाहुनवादको	b a ɦ u n w a d̪ k o
बिजोग	b i dz o g
बिर्सन	b i r s ʌ n ʌ
बिर्सिन	b i r s i n ʌ
बिल्डर्सका	b i l ɖ ʌ r s k a
बिहान	b i ɦ a n ʌ
बिहानीपख	b i ɦ a n i p ʌ kʰ ʌ
बिहीबार	b i ɦ i b a r ʌ
बुझिरहेको	b u dzʱ i r ɦ e k o
बेचिरहेका	b e ts i r ɦ e k a
बेपरवाह	b e p ʌ r w a ɦ ʌ
बेरोजगारी	b e r o dz g a r i
बैंकमार्फत	b ʌi ŋ k m a r pʰ ʌ t̪
बोटबिरूवा	b o ʈ b i r u w a
बोरिङको	b o r i ŋ ʌ k o
बोल्ट	b o l ʈ
बोल्टको	b o l ʈ k o
बोल्टले	b o l ʈ l e
बोल्दिन	b o l d̪ i n ʌ
ब्याजबाटै	b j a dz b a ʈ ʌi
ब्यान्ड	b j a n ɖ
ब्यालेन्स	b j a l e n s
ब्राण्ड	b r a n ɖ
ब्रान्ड	b r a n ɖ
ब्रान्डका	b r a n ɖ k a
ब्रान्डको	b r a n ɖ k o
ब्रान्डमा	b r a n ɖ m a
ब्रिफकेस	b r i pʰ k e s
ब्रिफिङ	b r i pʰ i ŋ ʌ
ब्रोडब्याण्डको	b r o ɖ ʌ b j a n ɖ k o
ब्रोडब्याण्डमा	b r o ɖ ʌ b j a n ɖ m a
ब्लेड	b l e ɖ ʌ
भइरहेका	bʱ ʌ i r ɦ e k a
भगतसिंह	bʱ ʌ g ʌ t̪ s ĩ ɦ ʌ
भगवान	bʱ ʌ g w a n
भगवानको	bʱ ʌ g w a n k o
भगवानसँग	bʱ ʌ g w a n s ʌ̃ g ʌ
भगवानै	bʱ ʌ g w a n ʌi
भटमास	bʱ ʌ ʈ m a s
भटमासको	bʱ ʌ ʈ m a s k o
भट्ट	bʱ ʌ ʈ ʈ ʌ
भनिन	bʱ ʌ n i n ʌ
भनिरहे	bʱ ʌ n i r ɦ e
भनिरहेका	bʱ ʌ n i r ɦ e k a
भनिरहेकी	bʱ ʌ n i r ɦ e k i
भनिरहेको	bʱ ʌ n i r ɦ e k o
भर	bʱ ʌ r
भरमा	bʱ ʌ r m a
भरिन	bʱ ʌ r i n ʌ
भल्भ	bʱ ʌ l bʱ
भवनका	bʱ ʌ w ʌ n ʌ k a
भवनभित्रै	bʱ ʌ w ʌ n bʱ i t̪ r ʌi
भवनमुनि	bʱ ʌ w ʌ n m u n i
भवमा	bʱ ʌ w ʌ m a
भाग्य	bʱ a g j
भाग्यले	bʱ a g j l e
भारतबाहेक	bʱ a r ʌ t̪ b a ɦ e k
भारतमाथि	bʱ a r ʌ t̪ m a t̪ʰ i
भारतमाथिको	bʱ a r ʌ t̪ m a t̪ʰ i k o
भारतविरुद्ध	bʱ a r ʌ t̪ w i r u d̪ d̪ʱ ʌ
भारतविरुद्धको	bʱ a r ʌ t̪ w i r u d̪ d̪ʱ ʌ k o
भाष्यहरू	bʱ a s j ɦ ʌ r u
भित्रिरहेका	bʱ i t̪ r i r ɦ e k a
भिमसेन	bʱ i m s e n ʌ
भीडभाड	bʱ i ɖ bʱ a ɖ
भीडभाडबिना	bʱ i ɖ bʱ a ɖ ʌ b i n a
भुटानमाथि	bʱ u ʈ a n m a t̪ʰ i
भूराजनीतिक	bʱ u r a dz n i t̪ i k
भृकुटीमण्डपटुकुचाको	bʱ r i k u ʈ i m ʌ n ɖ ʌ p ʈ u k u ts a k o
भेटघाट	bʱ e ʈ gʱ a ʈ
भेटमै	bʱ e ʈ m ʌi
भेटरान	bʱ e ʈ ʌ r a n ʌ
भेटवार्ता	bʱ e ʈ w a r t̪ a
भेनिस	bʱ e n i s ʌ
भैरहवा	bʱ ʌi r ʌ ɦ w a
भैरहवाको	bʱ ʌi r ʌ ɦ w a k o
भोल्ट	bʱ o l ʈ
भौंतारिएर	bʱ ʌu n t̪ a r i e r
भौतारिरहेकी	bʱ ʌu t̪ a r i r ɦ e k i
मंगलबार	m ʌ ŋ g ʌ l b a r
मःम	m ʌ ɦ m ʌ
मजदुर	m ʌ dz d̪ u r
मजदुरको	m ʌ dz d̪ u r k o
मजदुरी	m ʌ dz d̪ u r i
मजबुत	m ʌ dz b u t̪
मडरेट	m ʌ ɖ r e ʈ
मतलबै	m ʌ t̪ ʌ l b ʌi
मतिर	m ʌ t̪ i r ʌ
मधेसबीचमा	m ʌ d̪ʱ e s b i ts m a
मधेसमै	m ʌ d̪ʱ e s m ʌi
मनभित्र	m ʌ n bʱ i t̪ r ʌ
मनमै	m ʌ n m ʌi
मनमौजी	m ʌ n m ʌu dz i
मनसुन	m ʌ n s u n
मनसुनी	m ʌ n s u n i
मन्जित	m ʌ n dz i t̪ ʌ
मन्त्रालय	m ʌ n t̪ r a l ʌ j
मन्त्रालयका	m ʌ n t̪ r a l ʌ j k a
मन्त्रालयकी	m ʌ n t̪ r a l ʌ j k i
मन्त्रालयको	m ʌ n t̪ r a l ʌ j k o
मन्त्रालयले	m ʌ n t̪ r a l ʌ j l e
मबाट	m ʌ b a ʈ ʌ
मसँग	m ʌ s ʌ̃ g ʌ
मसँगको	m ʌ s ʌ̃ g ʌ k o
महर्जनका	m ʌ ɦ ʌ r dz ʌ n ʌ k a
महसुल	m ʌ ɦ ʌ s u l ʌ
महानगरपालिका	m ʌ ɦ a n ʌ g ʌ r p a l i k a
महानगरपालिकाको	m ʌ ɦ a n ʌ g ʌ r p a l i k a k o
महाभारततूल्य	m ʌ ɦ a bʱ a r ʌ t̪ t̪ u l j ʌ
महाराजगञ्जबाट	m ʌ ɦ a r a dz ʌ g ʌ n dz b a ʈ ʌ
महाराजगञ्जमा	m ʌ ɦ a r a dz ʌ g ʌ n dz m a
महाराजगन्जलाई	m ʌ ɦ a r a dz ʌ g ʌ n dz l a i
महासंघ	m ʌ ɦ a s ʌ ŋ gʱ
महासंघमा	m ʌ ɦ a s ʌ ŋ gʱ m a
महासंघले	m ʌ ɦ a s ʌ ŋ gʱ l e
महोदय	m ʌ ɦ o d̪ ʌ j
माइग्रेसन	m a i g r e s ʌ n ʌ
माधवकुमार	m a d̪ʱ ʌ w k u m a r
माध्यम	m a d̪ʱ j ʌ m ʌ
मानबारे	m a n b a r e
मानसिकता	m a n s i k ʌ t̪ a
मानिसहरूलाई	m a n i s ʌ ɦ ʌ r u l a i
मार्गसम्म	m a r g s ʌ m m ʌ
मालपोत	m a l p o t̪
माल्दिभ्स	m a l d̪ i bʱ s
माल्दिभ्समा	m a l d̪ i bʱ s m a
मास्टर्स	m a s ʈ ʌ r s
मिटरभित्र	m i ʈ ʌ r bʱ i t̪ r ʌ
मिटरस्मार्ट	m i ʈ ʌ r ʌ s m a r ʈ
मिडफिल्डर	m i ɖ pʰ i l ɖ ʌ r
मिलाएर	m i l a e r
मुख्यतः	m u kʰ j ʌ t̪ ʌ ɦ
मुख्यालयले	m u kʰ j a l ʌ j l e
मुजफ्फरपुर	m u dz ʌ pʰ pʰ ʌ r p u r
मुमताज	m u m t̪ a dz
मुलरुपमा	m u l r u p m a
मूलबाटोमा	m u l b a ʈ o m a
मूलरूपमा	m u l r u p m a
मेगाहर्जसम्मको	m e g a ɦ ʌ r dz s ʌ m m ʌ k o
मेनेजमेन्ट	m e n e dz m e n ʈ ʌ
मोटरसाइकल	m o ʈ ʌ r s a i k ʌ l
मोटरसाइकलको	m o ʈ ʌ r s a i k ʌ l k o
मोटरसाइकलमा	m o ʈ ʌ r s a i k ʌ l m a
मोटर्सले	m o ʈ ʌ r s l e
मोटोरार्डले	m o ʈ o r a r ɖ l e
मोबाइलबाटै	m o b a i l b a ʈ ʌi
मोबाइल्स	m o b a i l s
मोहन	m o ɦ ʌ n ʌ
मौन	m ʌu n ʌ
मौसमविद्	m ʌu s ʌ m w i d̪
म्याथयो	m j a t̪ʰ j o
म्यादभित्र	m j a d̪ bʱ i t̪ r ʌ
म्यानपावर	m j a n p a w ʌ r
म्यानेजमेन्ट	m j a n e dz m e n ʈ ʌ
म्यानेजमेन्टबाट	m j a n e dz m e n ʈ ʌ b a ʈ ʌ
यसकारण	j ʌ s k a r ʌ n
यसपालि	j ʌ s p a l i
यसबारे	j ʌ s b a r e
यसबाहेक	j ʌ s b a ɦ e k
यसबीचमा	j ʌ s b i ts m a
याङबेन	j a ŋ ʌ b e n
याङबेनको	j a ŋ ʌ b e n k o
यादगार	j a d̪ g a r
युक्रेनबाट	j u k r e n b a ʈ ʌ
युक्रेनमा	j u k r e n m a
युवराज	j u w r a dz
युसेन	j u s e n
योगदानपछि	j o g d̪ a n ʌ p ʌ tsʰ i
योगदानबाट	j o g d̪ a n b a ʈ ʌ
योगदानबापत	j o g d̪ a n ʌ b a p ʌ t̪
योगदानमा	j o g d̪ a n m a
रंगको	r ʌ ŋ g k o
रंगरोगन	r ʌ ŋ g r o g ʌ n
रचनात्मकता	r ʌ ts n a t̪ m ʌ k ʌ t̪ a
रड	r ʌ ɖ ʌ
रणबीर	r ʌ n b i r
रणवीर	r ʌ n w i r
रवीन्द्रसिंह	r ʌ w i n d̪ r ʌ s ĩ ɦ
रहनेछ	r ʌ ɦ n e tsʰ ʌ
राख	r a kʰ ʌ
राखेप	r a kʰ e p ʌ
राखेपबाट	r a kʰ e p ʌ b a ʈ ʌ
राजकुमार	r a dz k u m a r
राजकुमारसहित	r a dz k u m a r ʌ s ʌ ɦ i t̪
राजदरबार	r a dz ʌ d̪ ʌ r b a r
राजदूत	r a dz d̪ u t̪
राजदूतका	r a dz d̪ u t̪ k a
राजनीतिकरूपमा	r a dz n i t̪ i k ʌ r u p m a
राजनीतिका	r a dz n i t̪ i k a
राजनीतिज्ञ	r a dz n i t̪ i g j ʌ
राजनीतिमा	r a dz n i t̪ i m a
राजनीतिलाई	r a dz n i t̪ i l a i
राजनीतिले	r a dz n i t̪ i l e
राजनीतीकरण	r a dz n i t̪ i k ʌ r ʌ n
राजपाल	r a dz p a l
राज्यले	r a dz j l e
राणाकालमै	r a n a k a l m ʌi
रामकिशोर	r a m k i s o r
रामधारीका	r a m d̪ʱ a r i k a
रामधारीको	r a m d̪ʱ a r i k o
रामधारीलाई	r a m d̪ʱ a r i l a i
रामधारीले	r a m d̪ʱ a r i l e
राय	r a j
रायमा	r a j m a
रायले	r a j ʌ l e
राहतलगायत	r a ɦ ʌ t̪ ʌ l g a j ʌ t̪
रिक्वेस्ट	r i k w e s ʈ
रिजल्ट	r i dz ʌ l ʈ
रिप्लेसमेन्ट	r i p l e s m e n ʈ ʌ
रुचिरहेको	r u ts i r ɦ e k o
रूपमै	r u p m ʌi
रेखदेख	r e kʰ d̪ e kʰ
रेखदेखको	r e kʰ d̪ e kʰ k o
रेखमाया	r e kʰ m a j a
रेडिएसनमार्फत	r e ɖ i e s ʌ n m a r pʰ ʌ t̪
रेन्ज	r e n dz
रेन्जमा	r e n dz m a
रेमिट्यान्सका	r e m i ʈ j a n s k a
रेमिट्यान्सको	r e m i ʈ j a n s k o
रेमिट्यान्समा	r e m i ʈ j a n s m a
रेमिट्यान्सलाई	r e m i ʈ j a n s l a i
रेस्टुरेन्ट	r e s ʈ u r e n ʈ
रेस्पेक्ट	r e s p e k ʈ
रोकथाम	r o k t̪ʰ a m
रोकथाममा	r o k t̪ʰ a m m a
रोकिन	r o k i n ʌ
रोगजारले	r o g dz a r l e
रोजगार	r o dz g a r
रोजगारका	r o dz g a r k a
रोजगारबाट	r o dz g a r b a ʈ ʌ
रोजगारमा	r o dz g a r m a
रोजगारी	r o dz g a r i
रोजगारीका	r o dz g a r i k a
रोजगारीको	r o dz g a r i k o
रोजगारीमा	r o dz g a r i m a
रोल	r o l ʌ
लकडाउन	l ʌ k ʌ ɖ a u n
लकडाउनकै	l ʌ k ɖ a u n ʌ k ʌi
लखनकी	l ʌ kʰ ʌ n ʌ k i
लञ्च	l ʌ n ts
लफडा	l ʌ pʰ ɖ a
लयमा	l ʌ j m a
ललितपुर	l ʌ l i t̪ p u r
ललितपुरको	l ʌ l i t̪ p u r k o
ललितपुरमा	l ʌ l i t̪ p u r m a
लहडमा	l ʌ ɦ ʌ ɖ ʌ m a
लाइफलाइन	l a i pʰ l a i n
लाइफलाइनले	l a i pʰ l a i n l e
लाइसेन्स	l a i s e n s
लाइसेन्सका	l a i s e n s k a
लागिरहेको	l a g i r ɦ e k o
लान	l a n ʌ
लापरवाहीका	l a p ʌ r w a ɦ i k a
लाभदायक	l a bʱ d̪ a j ʌ k
लामखुट्टेका	l a m kʰ u ʈ ʈ e k a
लामखुट्टेको	l a m kʰ u ʈ ʈ e k o
लायक	l a j ʌ k ʌ
लालकिल्ला	l a l k i l l a
लालनपालन	l a l ʌ n p a l ʌ n
लाष्टमा	l a s ʈ m a
लिइरहेका	l i i r ɦ e k a
लिइरहेको	l i i r ɦ e k o
लिङ्देन	l i ŋ d̪ e n
लिङ्देनले	l i ŋ d̪ e n l e
लिटरेचरमा	l i ʈ r e ts ʌ r m a
लिनबाट	l i n ʌ b a ʈ ʌ
लुक्समा	l u k s m a
लुपहोल	l u p ɦ o l
लेन	l e n
लेनको	l e n k o
लेनले	l e n l e
लेनहरू	l e n ɦ ʌ r u
लैजान	l ʌi dz a n ʌ
लोकतान्त्रिक	l o k t̪ a n t̪ r i k
लोकमान	l o k m a n
लोकराज	l o k r a dz
लोडसेडिङको	l o ɖ s e ɖ i ŋ k o
लोडसेडिङमुक्त	l o ɖ s e ɖ i ŋ ʌ m u k t̪ ʌ
लोडसेडिङले	l o ɖ s e ɖ i ŋ l e
लोडसेडिङविरुद्ध	l o ɖ s e ɖ i ŋ ʌ w i r u d̪ d̪ʱ ʌ
ल्याइरहेका	l j a i r ɦ e k a
ल्याबरेटोरी	l j a b r e ʈ o r i
वरपरका	w ʌ r ʌ p ʌ r ʌ k a
वरपरको	b ʌ r ʌ p ʌ r ʌ k o
वर्क	b ʌ r k
वर्गीयले	b ʌ r g i j l e
वर्ल्ड	w ʌ r l ɖ
वायरिङमा	w a j r i ŋ m a
वारपार	b a r p a r
वार्ड	w a r ɖ
वार्डमा	w a r ɖ m a
वार्डेन	w a r ɖ e n
वालपेपर	w a l p e p ʌ r
वालपेपरको	w a l p e p ʌ r k o
वास्तविकता	b a s t̪ ʌ w i k t̪ a
वास्तविकतालाई	b a s t̪ ʌ w i k t̪ a l a i
विकको	b i k ʌ k o
विकटताले	b i k ʌ ʈ t̪ a l e
विकराल	b i k ʌ r a l ʌ
विकले	b i k ʌ l e
विकासबारे	b i k a s b a r e
विखण्डनको	b i kʰ ʌ n ɖ ʌ n ʌ k o
विजय	b i dz ʌ j
विदयार्थी	b i d̪ j a r t̪ʰ i
विदयार्थीलाई	b i d̪ j a r t̪ʰ i l a i
विदयालयका	b i d̪ j a l ʌ j ʌ k a
विदयुत	b i d̪ j u t̪
विद्यालय	b i d̪ j a l ʌ j
विद्युतगृह	b i d̪ j u t̪ g r i ɦ ʌ
विनय	b i n ʌ j
विनासकारी	b i n a s k a r i
विवेकमाथि	b i w e k m a t̪ʰ i
विवेकशील	b i w e k s i l
विशेषता	b i s e s t̪ a
विशेषताअनुसार	b i s e s t̪ a ʌ n u s a r
विशेषताहरू	b i s e s t̪ a ɦ ʌ r u
विशेषताहरूको	b i s e s t̪ a ɦ ʌ r u k o
विश्वविदयालय	b i s w ʌ w i d̪ j a l ʌ j ʌ
विश्वासमाथि	b i s w a s m a t̪ʰ i
विषयबारे	p r i j ʌ
विषयलाई	b i s ʌ j l a i
विषयहरू	b i s ʌ j ɦ ʌ r u
विषयहरूलाई	b i s ʌ j ɦ ʌ r u l a i
वीर	b i r ʌ
वीरगन्ज	b i r ʌ g ʌ n dz
वेबसाइट	w e b s a i ʈ
वेबसाइटका	w e b s a i ʈ k a
वेबसाइटको	w e b s a i ʈ k o
वेबसाइटबाट	w e b s a i ʈ b a ʈ ʌ
वेबसाइटमा	w e b s a i ʈ m a
वेबसाइटलाई	w e b s a i ʈ l a i
वेबसाइटले	w e b s a i ʈ l e
वेबसाइटहरु	w e b s a i ʈ ʌ ɦ ʌ r u
वेलनेसले	w e l ʌ n e s ʌ l e
वेवसाइट	b e w s a i ʈ
वैद्यको	b ʌi d̪ j k o
वैध	b ʌi d̪ʱ ʌ
व्यवसाय	b j ʌ w ʌ s a j
व्यवसायका	b j ʌ w ʌ s a j k a
व्यवसायको	b j ʌ w ʌ s a j k o
व्यवसायबारे	b j ʌ w s a j ʌ b a r e
व्यवसायमा	b j ʌ w ʌ s a j m a
व्यवसायलाई	b j ʌ w ʌ s a j l a i
व्यवस्थापनकै	b j ʌ w ʌ s t̪ʰ a p ʌ n k ʌi
व्यापरघाटा	b j a p ʌ r gʱ a ʈ a
व्यापारघाटा	b j a p a r gʱ a ʈ a
शंकरदेव	s ʌ ŋ k ʌ r d̪ e w
शमशेर	s ʌ m s e r ʌ
शरणार्थीको	s ʌ r n a r t̪ʰ i k o
शवहरूको	s ʌ w ʌ ɦ ʌ r u k o
शासनकालमा	s a s ʌ n k a l m a
शिक्षकशिक्षिकाले	s i k tsʰ ʌ k s i k tsʰ i k a l e
शेखर	s e kʰ ʌ r ʌ
शौचालय	s ʌu ts a l ʌ j
शौचालयको	s ʌu ts a l ʌ j k o
श्यामसुन्दर	s j a m s u n d̪ ʌ r
संकटकै	s ʌ ŋ k ʌ ʈ k ʌi
संगठनबारे	s ʌ ŋ g ʌ ʈʰ ʌ n b a r e
संग्रहालयको	s ʌ ŋ g r ʌ ɦ a l ʌ j k o
संग्रहालयभित्र	s ʌ ŋ g r ʌ ɦ a l ʌ j bʱ i t̪ r ʌ
संग्रहालयभित्रको	s ʌ ŋ g r ʌ ɦ a l ʌ j bʱ i t̪ r ʌ k o
संघ	s ʌ ŋ gʱ
संघका	s ʌ ŋ gʱ k a
संघको	s ʌ ŋ gʱ k o
संघमै	s ʌ ŋ gʱ m ʌi
संघले	s ʌ ŋ gʱ l e
संविधानको	s ʌ m b i d̪ʱ a n ʌ k o
संविधानसम्मत	s ʌ m b i d̪ʱ a n ʌ s ʌ m m ʌ t̪ ʌ
संवेदनशील	s ʌ m b e d̪ ʌ n s i l
संसदकै	s ʌ̃ s ʌ d̪ k ʌi
संसदभित्रको	s ʌ̃ s ʌ d̪ bʱ i t̪ r ʌ k o
संसदमै	s ʌ̃ s ʌ d̪ m ʌi
सकिइरहेकी	s ʌ k i i r ɦ e k i
सकिन	s ʌ k i n ʌ
सकिनसकी	s ʌ k i n ʌ s ʌ k i
सकिरहेका	s ʌ k i r ɦ e k a
सक्षमता	s ʌ k tsʰ ʌ m t̪ a
सगरमाथाको	s ʌ g ʌ r m a t̪ʰ a k o
सङ्घ	s ʌ ŋ gʱ
सङ्घका	s ʌ ŋ gʱ k a
सङ्घमा	s ʌ ŋ gʱ m a
सङ्घले	s ʌ ŋ gʱ l e
सचिवालयका	s ʌ ts i w a l ʌ j k a
सचिवालयमा	s ʌ ts i w a l ʌ j m a
सचिवालयले	s ʌ ts i w a l ʌ j l e
सजाय	s ʌ dz a j
सञ्चारमाध्यमका	s ʌ n ts a r m a d̪ʱ j ʌ m k a
सञ्चालनताका	s ʌ n ts a l ʌ n t̪ a k a
सञ्जय	s ʌ n dz ʌ j
सञ्जालमार्फत	s ʌ n dz a l m a r pʰ ʌ t̪
सञ्जालहरूमा	s ʌ n dz a l ʌ ɦ ʌ r u m a
सडककेन्द्रित	s ʌ ɖ ʌ k k e n d̪ r i t̪
सतचालीस	s ʌ t̪ ts a l i s
सत्य	s ʌ t̪ j
सदभाव	s ʌ d̪ bʱ a w
सदरमुकामका	s ʌ d̪ ʌ r m u k a m k a
सदस्यहरू	s ʌ d̪ ʌ s j ɦ ʌ r u
सनराइज	s ʌ n r a i dz
सन्तानको	s ʌ n t̪ a n ʌ k o
सपोर्ट	s ʌ p o r ʈ
सप्लायर्स	s ʌ p l a j ʌ r s
सफलता	s ʌ pʰ ʌ l t̪ a
सफ्ट	s ʌ pʰ ʈ
सबथोक	s ʌ b t̪ʰ o k
सब्जेक्टमा	s ʌ b dz e k ʈ m a
समझदारी	s ʌ m ʌ dzʱ d̪ a r i
समझदारीबीच	s ʌ m ʌ dzʱ d̪ a r i b i ts
समथिङ	s ʌ m t̪ʰ i ŋ
समन्वय	s ʌ m ʌ n w ʌ j
समयका	s ʌ m ʌ j k a
समयको	s ʌ m ʌ j k o
समयदेखि	s ʌ m ʌ j d̪ e kʰ i
समयदेखिको	s ʌ m ʌ j d̪ e kʰ i k o
समयभन्दा	s ʌ m ʌ j bʱ ʌ n d̪ a
समयभित्र	s ʌ m ʌ j bʱ i t̪ r ʌ
समयमै	s ʌ m ʌ j m ʌi
समययता	s ʌ m ʌ j ʌ j t̪ a
समयलाई	s ʌ m ʌ j l a i
समयले	s ʌ m ʌ j l e
समयसीमा	s ʌ m ʌ j s i m a
समाजकै	s ʌ m a dz k ʌi
समाजमै	s ʌ m a dz m ʌi
समाजवादी	s ʌ m a dz w a d̪ i
समाजवादीले	s ʌ m a dz w a d̪ i l e
समाजशास्त्री	s ʌ m a dz s a s t̪ r i
समाजसेवी	s ʌ m a dz s e w i
समानतापूर्ण	s ʌ m a n t̪ a p u r n ʌ
समानताविरुद्ध	s ʌ m a n t̪ a w i r u d̪ d̪ʱ ʌ
समारोहबीच	s ʌ m a r o ɦ b i ts
समीपजी	s ʌ m i p dz i
समीर	s ʌ m i r ʌ
समुदायका	s ʌ m u d̪ a j k a
समुदायको	s ʌ m u d̪ a j k o
समुदायमा	s ʌ m u d̪ a j m a
समूदायको	s ʌ m u d̪ a j k o
समूहको	s ʌ m u ɦ k o
सम्भावनाअनुसार	s ʌ m bʱ a w ʌ n a ʌ n u s a r ʌ
सम्मेलनमार्फत	s ʌ m m e l ʌ n m a r pʰ ʌ t̪
सयको	s ʌ j k o
सयदेखि	s ʌ j d̪ e kʰ i
सयबाट	s ʌ j b a ʈ ʌ
सयभन्दा	s ʌ j bʱ ʌ n d̪ a
सरकारहरुले	s ʌ r k a r ʌ ɦ ʌ r u l e
सरलता	s ʌ r ʌ l t̪ a
सरसामान	s ʌ r s a m a n
सरासर	s ʌ r a s ʌ r ʌ
सर्ट	s ʌ r ʈ
सर्त	s ʌ r t̪
सलाइनपानी	s ʌ l a i n p a n i
सहकार्यले	s ʌ ɦ ʌ k a r j l e
सहजता	s ʌ ɦ ʌ dz t̪ a
सहजतापूर्वक	s ʌ ɦ ʌ dz t̪ a p u r w ʌ k
सहन	s ʌ ɦ ʌ n ʌ
साँझ	s ã dzʱ ʌ
साँझदेखि	s ã dzʱ ʌ d̪ e kʰ i
साँझमा	s ã dzʱ ʌ m a
साइकलवाला	s a i k ʌ l w a l a
साइजमा	s a i dz ʌ m a
साइबेक्स	s a i b e k s
साउन	s a u n
साउनमा	s a u n m a
साउनसम्म	s a u n s ʌ m m ʌ
साक्षरता	s a k tsʰ ʌ r t̪ a
सामानबारे	s a m a n b a r e
सायरा	s a j r a
सालतिरै	s a l t̪ i r ʌi
सिंह	s ĩ ɦ
सिंहदरबार	s ĩ ɦ ʌ d̪ ʌ r b a r
सिंहदरबारमा	s ĩ ɦ ʌ d̪ ʌ r b a r m a
सिंहदरबारसम्म	s ĩ ɦ ʌ d̪ ʌ r b a r s ʌ m m ʌ
सिंहदरबारस्थित	s ĩ ɦ ʌ d̪ ʌ r b a r ʌ s t̪ʰ i t̪
सिंहले	s ĩ ɦ l e
सिक्स	s i k s
सिटमूनि	s i ʈ m u n i
सिन्दुर	s i n d̪ u r ʌ
सिन्धुपाल्चोककै	s i n d̪ʱ u p a l ts o k k ʌi
सिमकोट	s i m k o ʈ
सिमेन्टको	s i m e n ʈ k o
सिमेन्टमा	s i m e n ʈ m a
सिमेन्टलाई	s i m e n ʈ l a i
सिमेन्टले	s i m e n ʈ l e
सिमेन्टसँग	s i m e n ʈ s ʌ̃ g ʌ
सिर्जनाकर्ममा	s i r dz ʌ n a k ʌ r m m a
सिलसिला	s i l s i l a
सिलसिलामा	s i l s i l a m a
सिस्टर	s i s ʈ ʌ r ʌ
सीएचटिसी	s i e ts ʈ i s i
सुखमय	s u kʰ ʌ m ʌ j
सुदृढ	s u d̪ r i ɖʱ ʌ
सुधारिरहेको	s u d̪ʱ a r i r ɦ e k o
सुनिलकुमार	s u n i l k u m a r
सुन्दरता	s u n d̪ ʌ r t̪ a
सुन्दरताप्रति	s u n d̪ ʌ r t̪ a p r ʌ t̪ i
सुपरभाइजर	s u p ʌ r bʱ a i dz ʌ r
सुरुवातबाटै	s u r u w a t̪ b a ʈ ʌi
सेकेण्डको	s e k e n ɖ k o
सेकेन्ड	s e k e n ɖ
सेपाकताक्रो	s e p a k t̪ a k r o
सेमिफाइनलबाटै	s e m i pʰ a i n ʌ l b a ʈ ʌi
सेयरिङ	s e j r i ŋ
सेल्स	s e l s
सोचविचार	s o ts w i ts a r
सोचिन	s o ts i n ʌ
सोमबार	s o m b a r
सोमबारको	s o m b a r k o
सोमबारदेखि	s o m b a r d̪ e kʰ i
सोर्स	s o r s
स्कलरसिप	s k ʌ l ʌ r s i p
स्कुलछेउ	s k u l tsʰ e u
स्कूल	s k u l ʌ
स्टाटस	s ʈ a ʈ ʌ s ʌ
स्टोर्सका	s ʈ o r s k a
स्ट्यान्डर्ड	s ʈ j a n ɖ ʌ r ɖ
स्ट्यान्डसम्म	s ʈ j a n ɖ s ʌ m m ʌ
स्थानको	s t̪ʰ a n ʌ k o
स्याटलाईटमा	s j a ʈ l a i ʈ m a
स्वतः	s w ʌ t̪ ʌ ɦ
स्वदेशमै	s w ʌ d̪ e s m ʌi
स्वास्थ्यको	s w a s t̪ʰ j k o
स्वीकार्य	s w i k a r j
हकदार	ɦ ʌ k d̪ a r
हकहितमा	ɦ ʌ k ɦ i t̪ m a
हजुरबाको	ɦ ʌ dz u r b a k o
हजुरबाले	ɦ ʌ dz u r b a l e
हजुरबुवाले	ɦ ʌ dz u r b u w a l e
हतियार	ɦ ʌ t̪ i j a r ʌ
हरिवंश	ɦ ʌ r i w ʌ̃ s ʌ
हल्स	ɦ ʌ l s
हस्पिटलकै	ɦ ʌ s p i ʈ ʌ l k ʌi
हाँसिरहेको	ɦ ã s i r ɦ e k o
हातहातमा	ɦ a t̪ ɦ a t̪ m a
हाफमै	ɦ a pʰ m ʌi
हारबीच	ɦ a r b i ts
हार्दिकतापूर्ण	ɦ a r d̪ i k t̪ a p u r n ʌ
हालसालै	ɦ a l s a l ʌi
हिँडदा	ɦ ĩ ɖ d̪ a
हिँडिरहेका	ɦ ĩ ɖ i r ɦ e k a
हिउँदभित्रै	ɦ i ũ d̪ bʱ i t̪ r ʌi
हिउँदयाममा	ɦ i ũ d̪ j a m m a
हुटहुटीले	ɦ u ʈ ɦ u ʈ i l e
हुलमुलमा	ɦ u l m u l m a
हृदयको	ɦ r i d̪ ʌ j k o
हेडल्याम्प	ɦ e ɖ ʌ l j a m p
हेमराज	ɦ e m r a dz
हेरचाह	ɦ e r ts a ɦ ʌ
हेरविचार	ɦ e r w i ts a r
हेरिकन	ɦ e r i k ʌ n ʌ
हेलमेट	ɦ e l m e ʈ
हेलमेटले	ɦ e l m e ʈ l e
हेल्थ	ɦ e l t̪ʰ
हैन	ɦ ʌi n ʌ
होभरबाइक	ɦ o bʱ ʌ r b a i k
ह्याण्ड	ɦ j a n ɖ
ह्यान्ड	ɦ j a n ɖ
ह्यापिडेन्ट	ɦ j a p i ɖ e n ʈ
ह्रास	ɦ r a s ʌ
योगदान	j o g d̪ a n
नगरपालिकामा	n ʌ g ʌ r p a l i k a m a
गाविस	g a w i s ʌ
गर्न	g ʌ r n
फ्रान्सको	pʰ r a n s k o
डडेलधुरा	ɖ ʌ ɖ e l d̪ʱ u r a
संगीतकार	s ʌ ŋ g i t̪ k a r
राजमार्ग	r a dz m a r g ʌ
सगरमाथा	s ʌ g ʌ r m a t̪ʰ a
एन	e n
इतिहासकार	i t̪ i ɦ a s k a r
उप	u p ʌ
न्युजिल्यान्डको	n j u dz i l j a n ɖ k o
गाविसमा	g a w i s ʌ m a
शिव	s i w ʌ
शिक्षण	s i k tsʰ ʌ n ʌ
बुक्स	b u k s
इतिहासमा	i t̪ i ɦ a s m a
गाविसको	g a w i s ʌ k o
गर्नको	g ʌ r n k o
अल्पकालीन	ʌ l p ʌ k a l i n ʌ
उनको	u n ʌ k o
केवल	k e w ʌ l ʌ
गोल	g o l ʌ
ट्रेड	ʈ r e ɖ ʌ
ढलको	ɖʱ ʌ l ʌ k o
दृश्यहरू	d̪ r i s j ɦ ʌ r u
बल	b ʌ l ʌ
भुटानका	bʱ u ʈ a n ʌ k a
वाक्य	b a k j
शाक्यले	s a k j l e
सामान्य	s a m a n j
हतारहतार	ɦ ʌ t̪ a r ʌ ɦ ʌ t̪ a r ʌ
वेलनेस	w e l ʌ n e s
वेब	w e b
वेल्स	w e l s ʌ
वाइफाई	w a i pʰ a i
वाइन	w a i n
विन्डोज	w i n ɖ o dz
वाट्सएप	w a ʈ s ʌ e p
वायरिङ	w a j ʌ r i ŋ
वालमार्ट	w a l ʌ m a r ʈ ʌ
वेस्टर्न	w e s ʈ ʌ r n ʌ
वेस्टमिनिस्टर	w e s ʈ ʌ m i n i s ʈ ʌ r
वेलिङ्टन	w e l i ŋ ʈ ʌ n
विकिपिडिया	w i k i p i ɖ i j a
वाइफ	w a i pʰ
वाइटुक	w a i ʈ u k
वाइनः	w a i n ɦ
वाइनकफ	w a i n ʌ k ʌ pʰ
वाइनगर	w a i n ʌ g ʌ r
वाइनग्लास	w a i n ʌ g l a s
वाइनद्वारा	w a i n ʌ d̪ w a r a
वाइनप्रेस	w a i n ʌ p r e s
वाइनफ्रिड	w a i n ʌ pʰ r i ɖ
वाइनफ्रेड	w a i n ʌ pʰ r e ɖ
वाइनफ्रेडको	w a i n ʌ pʰ r e ɖ k o
वाइनफ्रेडले	w a i n ʌ pʰ r e ɖ l e
वाइनमेकर	w a i n ʌ m e k ʌ r
वाइनमेकरको	w a i n ʌ m e k ʌ r k o
वाइनमेकिङ	w a i n ʌ m e k i ŋ
वाइनयार्ड	w a i n ʌ j a r ɖ ʌ
वाइनयार्डको	w a i n ʌ j a r ɖ ʌ k o
वाइनयार्डमा	w a i n ʌ j a r ɖ ʌ m a
वाइनर	w a i n ʌ r
वाइनरको	w a i n ʌ r k o
वाइनरद्वारा	w a i n ʌ r ʌ d̪ w a r a
वाइनरलाई	w a i n ʌ r l a i
वाइनरले	w a i n ʌ r l e
वाइनरहरू	w a i n ʌ r ɦ ʌ r u
वाइनरी	w a i n ʌ r i
वाइनरीका	w a i n ʌ r i k a
वाइनरीको	w a i n ʌ r i k o
वाइनरीद्वारा	w a i n ʌ r i d̪ w a r a
वाइनरीबाट	w a i n ʌ r i b a ʈ ʌ
वाइनरीमा	w a i n ʌ r i m a
वाइनरीलाई	w a i n ʌ r i l a i
वाइनरीले	w a i n ʌ r i l e
वाइनरीसँग	w a i n ʌ r i s ʌ̃ g ʌ
वाइनरीहरू	w a i n ʌ r i ɦ ʌ r u
वाइनरीहरूका	w a i n ʌ r i ɦ ʌ r u k a
वाइनरीहरूको	w a i n ʌ r i ɦ ʌ r u k o
वाइनरीहरूद्वारा	w a i n ʌ r i ɦ ʌ r u d̪ w a r a
वाइनरीहरूबाट	w a i n ʌ r i ɦ ʌ r u b a ʈ ʌ
वाइनरीहरूमा	w a i n ʌ r i ɦ ʌ r u m a
वाइनरीहरूलाई	w a i n ʌ r i ɦ ʌ r u l a i
वाइनरीहरूले	w a i n ʌ r i ɦ ʌ r u l e
वाइनसबर्ग	w a i n ʌ s ʌ b ʌ r g ʌ
वाइनसहित	w a i n ʌ s ʌ ɦ i t̪
वाइनस्किन	w a i n ʌ s k i n
वाइनस्टाइन	w a i n ʌ s ʈ a i n
वाइनस्टाइनका	w a i n ʌ s ʈ a i n k a
वाइनस्टाइनको	w a i n ʌ s ʈ a i n k o
वाइनस्टाइनद्वारा	w a i n ʌ s ʈ a i n ʌ d̪ w a r a
वाइनस्टाइनलाई	w a i n ʌ s ʈ a i n l a i
वाइनस्टाइनले	w a i n ʌ s ʈ a i n l e
वाइनस्टाइनसँग	w a i n ʌ s ʈ a i n s ʌ̃ g ʌ
वाइनस्टीन	w a i n ʌ s ʈ i n
वाइनहाउस	w a i n ʌ ɦ a u s
वाइनहाउसका	w a i n ʌ ɦ a u s k a
वाइनहाउसको	w a i n ʌ ɦ a u s k o
वाइनहाउसलाई	w a i n ʌ ɦ a u s l a i
वाइनहाउसले	w a i n ʌ ɦ a u s l e
वाइनिक	w a i n i k
वाइनिङ	w a i n i ŋ
वाइनी	w a i n i
वाइने	w a i n e
वाइनेकपले	w a i n e k ʌ p l e
वाइनेट	w a i n e ʈ
वाइनेटको	w a i n e ʈ k o
वाइनेटद्वारा	w a i n e ʈ ʌ d̪ w a r a
वाइनेटले	w a i n e ʈ l e
वाइनेटसँग	w a i n e ʈ s ʌ̃ g ʌ
वाइनेफिल्ड	w a i n e pʰ i l ɖ ʌ
वाइनो	w a i n o
वाइनोना	w a i n o n a
वाइनोनी	w a i n o n i
वाइन्ज	w a i n dz ʌ
वाइन्ड	w a i n ɖ ʌ
वाइन्डिङ	w a i n ɖ i ŋ
वाइन्डिङका	w a i n ɖ i ŋ k a
वाइन्डिङको	w a i n ɖ i ŋ k o
वाइन्डिङबाट	w a i n ɖ i ŋ b a ʈ ʌ
वाइन्डिङमा	w a i n ɖ i ŋ m a
वाइन्डिङलाई	w a i n ɖ i ŋ l a i
वाइन्डिङले	w a i n ɖ i ŋ l e
वाइन्डिङसँग	w a i n ɖ i ŋ s ʌ̃ g ʌ
वाइन्डिङहरू	w a i n ɖ i ŋ ɦ ʌ r u
वाइन्डिङहरूको	w a i n ɖ i ŋ ɦ ʌ r u k o
वाइन्स	w a i n s ʌ
वाइन्सटाइन	w a i n s ʌ ʈ a i n
वाइफपी	w a i pʰ ʌ p i
वाइफा	w a i pʰ a
वाइफाइ	w a i pʰ a i
वाइफाइका	w a i pʰ a i k a
वाइफाइको	w a i pʰ a i k o
वाइफाइमा	w a i pʰ a i m a
वाइफाइलाई	w a i pʰ a i l a i
वाइफाइले	w a i pʰ a i l e
वाइफी	w a i pʰ i
वाइफु	w a i pʰ u
वाइफेरिक	w a i pʰ e r i k
वाइफोल्ड	w a i pʰ o l ɖ ʌ
वाइफ्रेडो	w a i pʰ r e ɖ o
वाइफ्स	w a i pʰ s ʌ
वार्डः	w a r ɖ ʌ ɦ
वार्डअन्तर्गत	w a r ɖ ʌ ʌ n t̪ ʌ r g ʌ t̪
वार्डटाउन	w a r ɖ ʌ ʈ a u n ʌ
वार्डद्वारा	w a r ɖ ʌ d̪ w a r a
वार्डन	w a r ɖ ʌ n
वार्डनः	w a r ɖ ʌ n ɦ
वार्डनका	w a r ɖ ʌ n k a
वार्डनकी	w a r ɖ ʌ n k i
वार्डनको	w a r ɖ ʌ n k o
वार्डनद्वारा	w a r ɖ ʌ n ʌ d̪ w a r a
वार्डनबाट	w a r ɖ ʌ n b a ʈ ʌ
वार्डनमा	w a r ɖ ʌ n m a
वार्डनर	w a r ɖ ʌ n ʌ r
वार्डनलाई	w a r ɖ ʌ n l a i
वार्डनले	w a r ɖ ʌ n l e
वार्डनसँग	w a r ɖ ʌ n s ʌ̃ g ʌ
वार्डनहरू	w a r ɖ ʌ n ɦ ʌ r u
वार्डनहरूको	w a r ɖ ʌ n ɦ ʌ r u k o
वार्डनहरूद्वारा	w a r ɖ ʌ n ʌ ɦ ʌ r u d̪ w a r a
वार्डनहरूलाई	w a r ɖ ʌ n ɦ ʌ r u l a i
वार्डनहरूले	w a r ɖ ʌ n ɦ ʌ r u l e
वार्डपछि	w a r ɖ ʌ p ʌ tsʰ i
वार्डभित्र	w a r ɖ ʌ bʱ i t̪ r ʌ
वार्डमध्ये	w a r ɖ ʌ m ʌ d̪ʱ j e
वार्डम्यान	w a r ɖ ʌ m j a n
वार्डम्यानले	w a r ɖ ʌ m j a n l e
वार्डर	w a r ɖ ʌ r
वार्डरको	w a r ɖ ʌ r k o
वार्डरलाई	w a r ɖ ʌ r l a i
वार्डरले	w a r ɖ ʌ r l e
वार्डरहरू	w a r ɖ ʌ r ɦ ʌ r u
वार्डरहरूको	w a r ɖ ʌ r ɦ ʌ r u k o
वार्डरहरूलाई	w a r ɖ ʌ r ɦ ʌ r u l a i
वार्डरहरूले	w a r ɖ ʌ r ɦ ʌ r u l e
वार्डरुम	w a r ɖ ʌ r u m
वार्डरूममा	w a r ɖ ʌ r u m m a
वार्डरोप	w a r ɖ ʌ r o p
वार्डरोपले	w a r ɖ ʌ r o p l e
वार्डरोब	w a r ɖ ʌ r o b
वार्डरोबका	w a r ɖ ʌ r o b k a
वार्डरोबको	w a r ɖ ʌ r o b k o
वार्डरोबबाट	w a r ɖ ʌ r o b b a ʈ ʌ
वार्डरोबमा	w a r ɖ ʌ r o b m a
वार्डरोबलाई	w a r ɖ ʌ r o b l a i
वार्डरोबले	w a r ɖ ʌ r o b l e
वार्डरोबहरू	w a r ɖ ʌ r o b ɦ ʌ r u
वार्डल	w a r ɖ ʌ l
वार्डलको	w a r ɖ ʌ l k o
वार्डलद्वारा	w a r ɖ ʌ l ʌ d̪ w a r a
वार्डललाई	w a r ɖ ʌ l l a i
वार्डलले	w a r ɖ ʌ l l e
वार्डलाले	w a r ɖ ʌ l a l e
वार्डली	w a r ɖ ʌ l i
वार्डलॉ	w a r ɖ ʌ l
वार्डलो	w a r ɖ ʌ l o
वार्डलोले	w a r ɖ ʌ l o l e
वार्डवेल	w a r ɖ ʌ w e l
वार्डसँगै	w a r ɖ ʌ s ʌ̃ g ʌi
वार्डसहित	w a r ɖ ʌ s ʌ ɦ i t̪
वार्डसिप	w a r ɖ ʌ s i p
वार्डसिपको	w a r ɖ ʌ s i p k o
वार्डसिपमा	w a r ɖ ʌ s i p m a
वार्डहरूः	w a r ɖ ʌ ɦ ʌ r u ɦ
वार्डहरूद्वारा	w a r ɖ ʌ ɦ ʌ r u d̪ w a r a
वार्डियन	w a r ɖ i j ʌ n
वार्डिल	w a r ɖ i l
वार्डिस	w a r ɖ i s
वार्डी	w a r ɖ i
वार्डीको	w a r ɖ i k o
वार्डीलाई	w a r ɖ i l a i
वार्डीले	w a r ɖ i l e
वार्डे	w a r ɖ e
वार्डेनक्लिफ	w a r ɖ e n ʌ k l i pʰ
वार्डेनबर्ग	w a r ɖ e n ʌ b ʌ r g ʌ
वार्डेनिस	w a r ɖ e n i s
वार्डेन्सिप	w a r ɖ e n s i p
वार्डेल	w a r ɖ e l
वार्डेलको	w a r ɖ e l k o
वार्डेलद्वारा	w a r ɖ e l ʌ d̪ w a r a
वार्डेललाई	w a r ɖ e l l a i
वार्डेलले	w a r ɖ e l l e
वार्डेले	w a r ɖ e l e
वार्डो	w a r ɖ o
वार्डोर	w a r ɖ o r
वार्डोरको	w a r ɖ o r k o
वार्डोरले	w a r ɖ o r l e
वार्ड्रप	w a r ɖ r ʌ p
वार्ड्रपको	w a r ɖ r ʌ p k o
वार्ड्स	w a r ɖ s ʌ
वालमार्टद्वारा	w a l ʌ m a r ʈ ʌ d̪ w a r a
विकिपिडियाः	w i k i p i ɖ i j a ɦ
विकिपिडियाअनुसार	w i k i p i ɖ i j a ʌ n u s a r
विन्डोजद्वारा	w i n ɖ o dz ʌ d̪ w a r a
विन्डोजहरूद्वारा	w i n ɖ o dz ʌ ɦ ʌ r u d̪ w a r a
वेबः	w e b ɦ
वेबअ्याप	w e b ʌ ʌ j a p
वेबआरटीसी	w e b ʌ a r ʌ ʈ i s i
वेबएम	w e b ʌ e m
वेबएमडी	w e b ʌ e m ʌ ɖ i
वेबएसेम्बली	w e b ʌ e s e m b ʌ l i
वेबकमिक	w e b ʌ k ʌ m i k
वेबकमिकका	w e b ʌ k ʌ m i k k a
वेबकमिकको	w e b ʌ k ʌ m i k k o
वेबकमिकमा	w e b ʌ k ʌ m i k m a
वेबकमिकलाई	w e b ʌ k ʌ m i k l a i
वेबकमिकले	w e b ʌ k ʌ m i k l e
वेबकमिक्स	w e b ʌ k ʌ m i k s ʌ
वेबकमिक्सका	w e b ʌ k ʌ m i k s ʌ k a
वेबकमिक्सको	w e b ʌ k ʌ m i k s ʌ k o
वेबकमिक्समा	w e b ʌ k ʌ m i k s ʌ m a
वेबकमिक्सहरू	w e b ʌ k ʌ m i k s ʌ ɦ ʌ r u
वेबकास्ट	w e b ʌ k a s ʈ ʌ
वेबकास्टको	w e b ʌ k a s ʈ ʌ k o
वेबकास्टमा	w e b ʌ k a s ʈ ʌ m a
वेबकास्टर	w e b ʌ k a s ʈ ʌ r
वेबकास्टहरू	w e b ʌ k a s ʈ ʌ ɦ ʌ r u
वेबकास्टिङ	w e b ʌ k a s ʈ i ŋ
वेबकिट	w e b ʌ k i ʈ
वेबकैम	w e b ʌ k ʌi m
वेबकॉमिक	w e b ʌ k ʌ m i k
वेबकोर	w e b ʌ k o r
वेबक्ट	w e b ʌ k ʈ ʌ
वेबक्याप	w e b ʌ k j a p
वेबक्याम	w e b ʌ k j a m
वेबक्यामको	w e b ʌ k j a m k o
वेबक्याममा	w e b ʌ k j a m m a
वेबक्यामहरू	w e b ʌ k j a m ɦ ʌ r u
वेबक्वेस्ट	w e b ʌ k w e s ʈ ʌ
वेबजिन	w e b ʌ dz i n
वेबजिनका	w e b ʌ dz i n k a
वेबजिनको	w e b ʌ dz i n k o
वेबजिनले	w e b ʌ dz i n l e
वेबटिभी	w e b ʌ ʈ i bʱ i
वेबटुन	w e b ʌ ʈ u n
वेबटून	w e b ʌ ʈ u n
वेबटूनको	w e b ʌ ʈ u n k o
वेबटूनमा	w e b ʌ ʈ u n m a
वेबडाभ	w e b ʌ ɖ a bʱ
वेबडेन	w e b ʌ ɖ e n ʌ
वेबडेभ	w e b ʌ ɖ e bʱ
वेबद्वारा	w e b ʌ d̪ w a r a
वेबपी	w e b ʌ p i
वेबपृष्ठ	w e b ʌ p r i s ʈʰ ʌ
वेबपृष्ठको	w e b ʌ p r i s ʈʰ ʌ k o
वेबपृष्ठमा	w e b ʌ p r i s ʈʰ ʌ m a
वेबपृष्ठले	w e b ʌ p r i s ʈʰ ʌ l e
वेबपृष्ठहरू	w e b ʌ p r i s ʈʰ ʌ ɦ ʌ r u
वेबपृष्ठहरूको	w e b ʌ p r i s ʈʰ ʌ ɦ ʌ r u k o
वेबपृष्ठहरूमा	w e b ʌ p r i s ʈʰ ʌ ɦ ʌ r u m a
वेबपेज	w e b ʌ p e dz
वेबपेजका	w e b ʌ p e dz k a
वेबपेजको	w e b ʌ p e dz k o
वेबपेजबाट	w e b ʌ p e dz b a ʈ ʌ
वेबपेजमा	w e b ʌ p e dz m a
वेबपेजले	w e b ʌ p e dz l e
वेबपेजहरू	w e b ʌ p e dz ɦ ʌ r u
वेबफुट	w e b ʌ pʰ u ʈ
वेबब	w e b ʌ b
वेबबजेक्ट्स	w e b ʌ b ʌ dz e k ʈ s ʌ
वेबबिङ	w e b ʌ b i ŋ
वेबबिङको	w e b ʌ b i ŋ k o
वेबबी	w e b ʌ b i
वेबबीः	w e b ʌ b i ɦ
वेबबे	w e b ʌ b e
वेबबेड	w e b ʌ b e ɖ
वेबब्जेक्टहरू	w e b ʌ b dz e k ʈ ʌ ɦ ʌ r u
वेबब्जेक्ट्स	w e b ʌ b dz e k ʈ s ʌ
वेबभरि	w e b ʌ bʱ ʌ r i
वेबमास्टर	w e b ʌ m a s ʈ ʌ r
वेबमास्टरको	w e b ʌ m a s ʈ ʌ r k o
वेबमास्टरले	w e b ʌ m a s ʈ ʌ r l e
वेबमास्टरहरूलाई	w e b ʌ m a s ʈ ʌ r ɦ ʌ r u l a i
वेबमास्टरहरूले	w e b ʌ m a s ʈ ʌ r ɦ ʌ r u l e
वेबमेट्रिक्स	w e b ʌ m e ʈ r i k s ʌ
वेबमेल	w e b ʌ m e l
वेबर	w e b ʌ r
वेबरः	w e b ʌ r ɦ
वेबरका	w e b ʌ r k a
वेबरकी	w e b ʌ r k i
वेबरको	w e b ʌ r k o
वेबरद्वारा	w e b ʌ r ʌ d̪ w a r a
वेबरबाट	w e b ʌ r b a ʈ ʌ
वेबरभन्दा	w e b ʌ r bʱ ʌ n d̪ a
वेबरमा	w e b ʌ r m a
वेबरलाई	w e b ʌ r l a i
वेबरले	w e b ʌ r l e
वेबरसँग	w e b ʌ r s ʌ̃ g ʌ
वेबरहरू	w e b ʌ r ɦ ʌ r u
वेबर्न	w e b ʌ r n ʌ
वेबर्नका	w e b ʌ r n ʌ k a
वेबर्नको	w e b ʌ r n ʌ k o
वेबर्नमा	w e b ʌ r n ʌ m a
वेबर्नले	w e b ʌ r n ʌ l e
वेबल	w e b ʌ l
वेबलग	w e b ʌ l ʌ g
वेबलगमा	w e b ʌ l ʌ g m a
वेबलगहरू	w e b ʌ l ʌ g ɦ ʌ r u
वेबवर्म	w e b ʌ w ʌ r m ʌ
वेबस	w e b ʌ s
वेबसाइटः	w e b ʌ s a i ʈ ɦ
वेबसाइटअनुसार	w e b ʌ s a i ʈ ʌ ʌ n u s a r
वेबसाइटद्वारा	w e b ʌ s a i ʈ ʌ d̪ w a r a
वेबसाइटबाटः	w e b ʌ s a i ʈ ʌ b a ʈ ɦ
वेबसाइटभित्र	w e b ʌ s a i ʈ ʌ bʱ i t̪ r ʌ
वेबसाइटमार्फत	w e b ʌ s a i ʈ ʌ m a r pʰ ʌ t̪
वेबसाइटसहित	w e b ʌ s a i ʈ ʌ s ʌ ɦ i t̪
वेबसाइटहरूः	w e b ʌ s a i ʈ ʌ ɦ ʌ r u ɦ
वेबसाइटहरूद्वारा	w e b ʌ s a i ʈ ʌ ɦ ʌ r u d̪ w a r a
वेबसेसन	w e b ʌ s e s ʌ n
वेबसोडहरू	w e b ʌ s o ɖ ɦ ʌ r u
वेबसोडहरूको	w e b ʌ s o ɖ ɦ ʌ r u k o
वेबसोडहरूमा	w e b ʌ s o ɖ ɦ ʌ r u m a
वेबसोड्स	w e b ʌ s o ɖ s ʌ
वेबस्टर	w e b ʌ s ʈ ʌ r
वेबस्टरः	w e b ʌ s ʈ ʌ r ɦ
वेबस्टरका	w e b ʌ s ʈ ʌ r k a
वेबस्टरकी	w e b ʌ s ʈ ʌ r k i
वेबस्टरको	w e b ʌ s ʈ ʌ r k o
वेबस्टरद्वारा	w e b ʌ s ʈ ʌ r ʌ d̪ w a r a
वेबस्टरबाट	w e b ʌ s ʈ ʌ r b a ʈ ʌ
वेबस्टरमा	w e b ʌ s ʈ ʌ r m a
वेबस्टरलाई	w e b ʌ s ʈ ʌ r l a i
वेबस्टरले	w e b ʌ s ʈ ʌ r l e
वेबस्टरसँग	w e b ʌ s ʈ ʌ r s ʌ̃ g ʌ
वेबस्टोर	w e b ʌ s ʈ o r
वेबस्टोरमा	w e b ʌ s ʈ o r m a
वेबस्ट्रीम	w e b ʌ s ʈ r i m
वेबस्फेयर	w e b ʌ s pʰ e j ʌ r
वेबाट	w e b a ʈ
वेबिङ	w e b i ŋ
वेबिङको	w e b i ŋ k o
वेबिट	w e b i ʈ
वेबिनार	w e b i n a r
वेबिनारमा	w e b i n a r m a
वेबिनारहरू	w e b i n a r ɦ ʌ r u
वेबिनारहरूको	w e b i n a r ɦ ʌ r u k o
वेबिल	w e b i l
वेबिलहरू	w e b i l ɦ ʌ r u
वेबी	w e b i
वेबुल	w e b u l
वेबे	w e b e
वेबेक्स	w e b e k s ʌ
वेबेरियन	w e b e r i j ʌ n
वेबेरी	w e b e r i
वेबेल	w e b e l
वेबेले	w e b e l e
वेबेलोस	w e b e l o s
वेबोज	w e b o dz
वेबोर्न	w e b o r n ʌ
वेबोस	w e b o s
वेब्ड	w e b ɖ ʌ
वेब्याक	w e b j a k
वेब्रिज	w e b r i dz
वेब्ली	w e b l i
वेब्लीले	w e b l i l e
वेब्ले	w e b l e
वेब्स्टर	w e b s ʈ ʌ r
वेल्सः	w e l s ʌ ɦ
वेल्सद्वारा	w e l s ʌ d̪ w a r a
वेल्सपुल	w e l s ʌ p u l
वेल्सपुलको	w e l s ʌ p u l k o
वेल्सपुलमा	w e l s ʌ p u l m a
वेल्सफोर्ड	w e l s ʌ pʰ o r ɖ ʌ
वेल्सबर्ग	w e l s ʌ b ʌ r g ʌ
वेल्सबाख	w e l s ʌ b a kʰ
वेल्सबिच	w e l s ʌ b i ts
वेल्सबिचको	w e l s ʌ b i ts k o
वेल्सबी	w e l s ʌ b i
वेल्सबीले	w e l s ʌ b i l e
वेल्सबोरो	w e l s ʌ b o r o
वेल्सबोर्न	w e l s ʌ b o r n ʌ
वेल्सभरि	w e l s ʌ bʱ ʌ r i
वेल्सभित्र	w e l s ʌ bʱ i t̪ r ʌ
वेल्सभिल	w e l s ʌ bʱ i l
वेल्सभिलको	w e l s ʌ bʱ i l k o
वेल्सभिलमा	w e l s ʌ bʱ i l m a
वेल्समाथि	w e l s ʌ m a t̪ʰ i
वेल्सम्यान	w e l s ʌ m j a n
वेल्सर	w e l s ʌ r
वेल्सली	w e l s ʌ l i
वेल्सवर्थ	w e l s ʌ w ʌ r t̪ʰ ʌ
वेल्सविरुद्ध	w e l s ʌ w i r u d̪ d̪ʱ ʌ
वेल्ससहित	w e l s ʌ s ʌ ɦ i t̪
वेल्सेर	w e l s e r ʌ
वेल्स्ली	w e l s l i
वेल्स्लीको	w e l s l i k o
वेल्स्लीले	w e l s l i l e
वेल्स्ले	w e l s l e
वेस्टर्नद्वारा	w e s ʈ ʌ r n ʌ d̪ w a r a
वेस्टर्नपोर्ट	w e s ʈ ʌ r n ʌ p o r ʈ ʌ
वेस्टर्नर्स	w e s ʈ ʌ r n ʌ r s ʌ
वेस्टर्नहेगन	w e s ʈ ʌ r n ʌ ɦ e g ʌ n
वर्ल्डः	w ʌ r l ɖ ʌ ɦ
वर्ल्डकन	w ʌ r l ɖ ʌ k ʌ n
वर्ल्डकम	w ʌ r l ɖ ʌ k ʌ m
वर्ल्डक्याट	w ʌ r l ɖ ʌ k j a ʈ
वर्ल्डद्वारा	w ʌ r l ɖ ʌ d̪ w a r a
वर्ल्डनेटडेली	w ʌ r l ɖ ʌ n e ʈ ʌ ɖ e l i
वर्ल्डप्राइड	w ʌ r l ɖ ʌ p r a i ɖ
वर्ल्डफेस्ट	w ʌ r l ɖ ʌ pʰ e s ʈ ʌ
वर्ल्डबिट	w ʌ r l ɖ ʌ b i ʈ
वर्ल्डभिजन	w ʌ r l ɖ ʌ bʱ i dz ʌ n
वर्ल्डभ्यु	w ʌ r l ɖ ʌ bʱ j u
वर्ल्डवाइड	w ʌ r l ɖ ʌ w a i ɖ
वर्ल्डवाच	w ʌ r l ɖ ʌ w a ts
वर्ल्ड्स	w ʌ r l ɖ s ʌ
वर्ल्ड्सः	w ʌ r l ɖ s ʌ ɦ
वा	w a
छिन	tsʰ i n ʌ
