sentence	sentence_ipa
जिल्लामा भैँसीपालनलाई महत्व दिँदै थोरैमा दुई तीनवटा भए पनि भैँसीपालनलाई कृषकले व्यावसायिक रुप दिन थालेका छन्	dzillama bʱʌ̃isipalʌnʌlai mʌɦʌt̪w d̪ĩd̪ʌi t̪ʰorʌima d̪ui t̪inʌwʌʈa bʱʌe pʌni bʱʌ̃isipalʌnʌlai krisʌkʌle wjawʌsajik rup d̪inʌ t̪ʰaleka tsʰʌn
साताको दोस्रो दिन फेरि सुनको मूल्य घटेको छ	sat̪ako d̪osro d̪in pʰeri sunʌko mulj gʱʌʈeko tsʰʌ
संसदीय सुनुवाइ समितिले विभिन्न देशका लागि सिफारिस गरिएका राजदूतहरुबारे उजुरी दिन आह्वान गरेको छ	sʌnsʌd̪ij sunuwai sʌmit̪ile bibʱinn d̪esʌka lagi sipʰaris gʌrieka radzʌd̪ut̪ʌɦʌrubare udzuri d̪inʌ aɦwan gʌreko tsʰʌ
अघिल्लो दिन माओवादीले रक्सौल घुम्न लैजाने भनेर त्यहाँ पुर्‍याइएका अधिकांश किशोर किशोरी देखेर हामीले अनिष्टको शंका गर्यौँ	ʌgʱillo d̪in maowad̪ile rʌksʌul gʱumn lʌidzane bʱʌner t̪jʌɦã pur jaieka ʌd̪ʱikans kisor kisori d̪ekʰer ɦamile ʌnisʈʌko sʌnka gʌrjʌ̃u
अरु त अरु धार्मिक द्वन्द्वलाई प्रश्रय दिन रुचाउनेहरुले पनि यो वा त्यो नाउँमा दशैँको विरोध गरेर भए पनि दशैँ मनाए	ʌru t̪ʌ ʌru d̪ʱarmik d̪wʌnd̪wʌlai prʌsrʌj d̪inʌ rutsauneɦʌrule pʌni jo wa t̪jo naũma d̪ʌsʌ̃iko wirod̪ʱ gʌrer bʱʌe pʌni d̪ʌsʌ̃i mʌnae
त्यसमा पनि न्यूयोर्क सहर जहाँ संसारका सबै मानव जातिको उपस्थिति प्रत्येक दिन देख्न सकिन्छ	t̪jʌsʌma pʌni njujork sʌɦʌr dzʌɦã sʌnsarʌka sʌbʌi manʌw dzat̪iko upʌst̪ʰit̪i prʌt̪jek d̪in d̪ekʰn sʌkintsʰ
उसले छेउमा आएर टाउको देखाउँदै भन्यो त्यो दिन म बेहोस नभएको भए तँलाई त्यहीँ बारीमा गाड्थेँ बुझिस्	usʌle tsʰeuma aerʌ ʈauko d̪ekʰaũd̪ʌi bʱʌnjo t̪jo d̪in mʌ beɦos nʌbʱʌeko bʱʌe t̪ʌ̃lai t̪jʌɦĩ barima gaɖt̪ʰẽ budzʱis
फाटेको कोट र टालेको सुरूवाल लाएर खै कति दिन आकाश पाताल जोडेर हिँडूँ बाँधेर यस्तो सन्ध्याकाललाई म भात जोरूँ कि कविता लेखूँ यो एक कविको बाध्यात्मक अभिव्यक्ति हो	pʰaʈeko koʈ rʌ ʈaleko suruwal laerʌ kʰʌi kʌt̪i d̪in akas pat̪al dzoɖer ɦĩɖũ bãd̪ʱer jʌst̪o sʌnd̪ʱjakalʌlai mʌ bʱat̪ dzorũ ki kʌwit̪a lekʰũ jo ek kʌwiko bad̪ʱjat̪mʌk ʌbʱiwjʌkt̪i ɦo
बिउ राख्ने बेलामा पनि निक्कै समस्या भयो अब केही दिन पछि रोप्ने बेला सुरु हुन लागेको छ उनले भने रासायनिक मल नहाली धान रोपौँ भने नफल्ने पिर रासायनिक मल खोजौँ पाइँदैन	biu rakʰne belama pʌni nikkʌi sʌmʌsja bʱʌjo ʌbʌ keɦi d̪in pʌtsʰi ropne bela suru ɦunʌ lageko tsʰʌ unʌle bʱʌne rasajʌnik mʌl nʌɦali d̪ʱan ropʌ̃u bʱʌne nʌpʰʌlne pir rasajʌnik mʌl kʰodzʌ̃u paĩd̪ʌinʌ
उनले भने अदालतलाई कसैले थ्रेट दिन मिल्दैन	unʌle bʱʌne ʌd̪alʌt̪ʌlai kʌsʌile t̪ʰreʈ d̪inʌ mild̪ʌinʌ
हिले क्याम्पसमा सञ्चालित शिविरको पहिलो दिन सोमबार ६ सय ६३ जनाको निःशुल्क स्वास्थ्य परीक्षण गरिएको नोबेलका प्रबन्धक नारायण दाहालले जानकारी दिए	ɦile kjampʌsʌma sʌntsalit̪ siwirʌko pʌɦilo d̪in somʌbar tsʰʌ sʌj t̪risʌʈʰʈʰi dzʌnako niɦsulk swast̪ʰj pʌriksʌɳ gʌrieko nobelʌka prʌbʌnd̪ʱʌk narajʌɳ d̪aɦalʌle dzanʌkari d̪ie
तर जनही खाजामा १५० मसलन्दमा २५ प्रशिक्षण भत्ता सात सय र एक समूहको तीन दिन तालिम सञ्चालन व्यवस्थापन शीर्षकमा एक हजार रुपैयाँ भुक्तानी गरेको पाइएको छ	t̪ʌr dzʌnʌɦi kʰadzama ek sʌj pʌtsas mʌsʌlʌnd̪ʌma pʌtstsis prʌsiksʌɳ bʱʌt̪t̪a sat̪ sʌj rʌ ek sʌmuɦʌko t̪in d̪in t̪alim sʌntsalʌn wjʌwʌst̪ʰapʌn sirsʌkʌma ek ɦʌdzar rupʌijã bʱukt̪ani gʌreko paieko tsʰʌ
शुक्रबार सुरु भई शनिबार सम्पन्न उत्सवको पहिलो दिन आयोजित बहुभाषिक संगीतसम्बन्धी विचार गोष्ठीमा संस्कृतिविद् डा भक्त राईले कार्यपत्र प्रस्तुत गरेका थिए	sukrʌbar suru bʱʌi sʌnibar sʌmpʌnn ut̪sʌwʌko pʌɦilo d̪in ajodzit̪ bʌɦubʱasik sʌngit̪ʌsʌmbʌnd̪ʱi witsar gosʈʰima sʌnskrit̪iwid̪ ɖa bʱʌkt̪ raile karjʌpʌt̪r prʌst̪ut̪ gʌreka t̪ʰie
पोखराको प्रदर्शनी केन्द्रमा फागुन २७ गतेसम्म सञ्चालन हुने महोत्सवको पहिलो दिन आइतबार स्थानीय तथा राष्ट्रिय कलाकारहरुको सांगीतिक प्रस्तुति रहेको थियो	pokʰʌrako prʌd̪ʌrsʌni kend̪rʌma pʰagun sʌt̪t̪ais gʌt̪esʌmm sʌntsalʌn ɦune mʌɦot̪sʌwʌko pʌɦilo d̪in ait̪ʌbar st̪ʰanij t̪ʌt̪ʰa rasʈrij kʌlakarʌɦʌruko sangit̪ik prʌst̪ut̪i rʌɦeko t̪ʰijo
केन्द्र मिर्गाैला कलेजो र मुटुको उपचार गर्न आवश्यक सम्पूर्ण प्रविधिले युक्त भइसक्यो उनले थपे तर ठाउँ साँघुरो हुँदा बढीभन्दा बढी बिरामीलाई सेवा दिन सकिरहेको छैन	kend̪r mirgʌula kʌledzo rʌ muʈuko upʌtsar gʌrnʌ awʌsjʌk sʌmpurɳ prʌwid̪ʱile jukt̪ bʱʌisʌkjo unʌle t̪ʰʌpe t̪ʌr ʈʰaũ sãgʱuro ɦũd̪a bʌɖʱibʱʌnd̪a bʌɖʱi biramilai sewa d̪inʌ sʌkirʌɦeko tsʰʌinʌ
नेपाल कम्युनिष्ट पार्टी नेकपा का नेता देवेन्द्र पौडेलले केही दिन अघि दुई वटा फोटो राख्दै सामाजिक सञ्जालमा लेखे कति तनाव लिनु आफू त लागियो गाउँघर तिर	nepal kʌmjunisʈ parʈi nekʌpa ka net̪a d̪ewend̪r pʌuɖelʌle keɦi d̪in ʌgʱi d̪ui wʌʈa pʰoʈo rakʰd̪ʌi samadzik sʌndzalʌma lekʰe kʌt̪i t̪ʌnaw linu apʰu t̪ʌ lagijo gaũgʱʌr t̪ir
व्यवसायिकताको बढ्दो विकाससँगै यस क्षेत्रका स्थानीय युवाहरू आफ्नो अन्य पेशाका अतिरिक्त कृषिजन्य उत्पादनलाई पनि प्राथमिकता दिन थालेका छन्	wjʌwʌsajikʌt̪ako bʌɖʱd̪o wikasʌsʌ̃gʌi jʌs kset̪rʌka st̪ʰanij juwaɦʌru apʰno ʌnj pesaka ʌt̪irikt̪ krisidzʌnj ut̪pad̪ʌnʌlai pʌni prat̪ʰʌmikʌt̪a d̪inʌ t̪ʰaleka tsʰʌn
च्याम्पियन्स लिगको क्वार्टरफाइनलमा लज्जास्पद हार बेहोरेको तेस्रो दिन प्रशिक्षक क्विके सेटिएनलाई बर्खास्त गर्दै बार्सिलोनाले नयाँ प्रशिक्षक नियुक्ति प्रक्रिया थालेको छ	tsjampijʌns ligʌko kwarʈʌrʌpʰainʌlʌma lʌdzdzaspʌd̪ ɦar beɦoreko t̪esro d̪in prʌsiksʌk kwike seʈienʌlai bʌrkʰast̪ gʌrd̪ʌi barsilonale nʌjã prʌsiksʌk nijukt̪i prʌkrija t̪ʰaleko tsʰʌ
यस्तै अर्का अमेरिकी सांसद शेर्रोड ब्राउनले भनेका छन् हामी फेसबुकलाई बिना सुपरिवेक्षण स्वीस बैंकबाट नयाँ खतरनाक डिजिटल मुद्रा चलाउन अनुमति दिन सक्दैनौँ	jʌst̪ʌi ʌrka ʌmeriki sansʌd̪ serroɖ braunʌle bʱʌneka tsʰʌn ɦami pʰesʌbukʌlai bina supʌriweksʌɳ swis bʌinkbaʈʌ nʌjã kʰʌt̪ʌrʌnak ɖidziʈʌl mud̪ra tsʌlaun ʌnumʌt̪i d̪inʌ sʌkd̪ʌinʌ̃u
यसैबीच बीपी कोइराला स्वास्थ्य विज्ञान प्रतिष्ठानमा भएको अनियमितताविरुद्धको आन्दोलनमा साथ दिन चिकित्सा शिक्षा सुधारका अभियन्ता डा गोविन्द केसी धरान पुगेका छन्	jʌsʌibits bipi koirala swast̪ʰj widznan prʌt̪isʈʰanʌma bʱʌeko ʌnijʌmit̪ʌt̪awirud̪d̪ʱʌko and̪olʌnʌma sat̪ʰ d̪inʌ tsikit̪sa siksa sud̪ʱarʌka ʌbʱijʌnt̪a ɖa gowind̪ kesi d̪ʱʌran pugeka tsʰʌn
सिधै कुनै कम्पनीलाई दिन सकिन्छ सकिँदैन भन्नेबारेमा दातृ संस्थामध्ये मुख्य एसियाली विकास बैंकसँग परामर्श गर्ने तयारी हाम्रो छ शर्माले सेतोपाटीसँग भने	sid̪ʱʌi kunʌi kʌmpʌnilai d̪inʌ sʌkintsʰ sʌkĩd̪ʌinʌ bʱʌnnebarema d̪at̪ri sʌnst̪ʰamʌd̪ʱje mukʰj esijali bikas bʌinkʌsʌ̃g pʌramʌrs gʌrne t̪ʌjari ɦamro tsʰʌ sʌrmale set̪opaʈisʌ̃g bʱʌne
तर जुन बैंकले आफ्नै ब्राण्डबाट अगाडि बढ्न खोज्छ सानो आकारमा राम्रो व्यवसाय गरेर बस्छु भन्ने संस्थालाई तिमी ठूलो हुनैपर्छ भनेर दबाब दिन सकिँदैन	t̪ʌr dzun bʌinkʌle apʰnʌi braɳɖbaʈʌ ʌgaɖi bʌɖʱn kʰodztsʰ sano akarʌma ramro wjʌwʌsaj gʌrer bʌstsʰu bʱʌnne sʌnst̪ʰalai t̪imi ʈʰulo ɦunʌipʌrtsʰ bʱʌner d̪ʌbab d̪inʌ sʌkĩd̪ʌinʌ
त्यसैले बालबच्चाको गाँस काटेर गोरुको पोषण गर्न लागे तर चतुरेले भने गोरुलाई अँध्यारो कोठामा बाँधेर प्रत्येक दिन बेलुका एक मुठी सुकेको घाँस दिन थाले	t̪jʌsʌile balʌbʌtstsako gãs kaʈer goruko posʌɳ gʌrnʌ lage t̪ʌr tsʌt̪urele bʱʌne gorulai ʌ̃d̪ʱjaro koʈʰama bãd̪ʱer prʌt̪jek d̪inʌ beluka ek muʈʰi sukeko gʱãs d̪inʌ t̪ʰale
नयाँ भेरियन्टसहितको कोरोनाको जोखिम कम हुँदै गएपछि सबैजसो कार्यालयले स्थलगतरूपमै सेवा दिन थाले पनि आरबिबी मर्चेन्ट बैंकिङ लिमिटेडमा पोखरा न्यूज	nʌjã bʱerijʌnʈʌsʌɦit̪ʌko koronako dzokʰim kʌm ɦũd̪ʌi gʌepʌtsʰi sʌbʌidzʌso karjalʌjʌle st̪ʰʌlʌgʌt̪ʌrupʌmʌi sewa d̪inʌ t̪ʰale pʌni arʌbibi mʌrtsenʈ bʌinkiŋ limiʈeɖʌma pokʰʌra njudz
त्यो दिन फर्कियौ किन भनी सोधेन कैल्यै पनि हुन्छिन् सुन्दर जूनमा हिमचुली अस्पष्ट जस्तै बनी छाडीद्युँ कि यहीँ अगाडि कसरी मैले भनूँ यो कथा हे दुःखी कवि	t̪jo d̪in pʰʌrkijʌu kin bʱʌni sod̪ʱen kʌiljʌi pʌni ɦuntsʰin sund̪ʌr dzunʌma ɦimʌtsuli ʌspʌsʈ dzʌst̪ʌi bʌni tsʰaɖid̪jũ ki jʌɦĩ ʌgaɖi kʌsʌri mʌile bʱʌnũ jo kʌt̪ʰa ɦe d̪uɦkʰi kʌwi
केही दिन निगालो काट्न घँगारू काट्न खर्च हुन्छ	keɦi d̪in nigalo kaʈn gʱʌ̃garu kaʈn kʰʌrts ɦuntsʰ
पहिलो दिन काठमाडौंबाट धुन्चे हुँदै स्याब्रुँबेसी पुग्न सकिन्छ	pʌɦilo d̪in kaʈʰʌmaɖʌunbaʈʌ d̪ʱuntse ɦũd̪ʌi sjabrũbesi pugn sʌkintsʰ
अघिल्लो दिन माओवादीले रक्सौल घुम्न लैजाने भनेर त्यहाँ पुर्‍याइएका अधिकांश किशोर किशोरी देखेर हामीले अनिष्टको शंका गर्यौँ	ʌgʱillo d̪in maowad̪ile rʌksʌul gʱumn lʌidzane bʱʌner t̪jʌɦã pur jaieka ʌd̪ʱikans kisor kisori d̪ekʰer ɦamile ʌnisʈʌko sʌnka gʌrjʌ̃u
संसदीय सुनुवाइ समितिले विभिन्न देशका लागि सिफारिस गरिएका राजदूतहरुबारे उजुरी दिन आह्वान गरेको छ	sʌnsʌd̪ij sunuwai sʌmit̪ile bibʱinn d̪esʌka lagi sipʰaris gʌrieka radzʌd̪ut̪ʌɦʌrubare udzuri d̪inʌ aɦwan gʌreko tsʰʌ
संसदीय सुनुवाइ समितिले विभिन्न देशका लागि सिफारिस भएका राजदूतहरुबारे उजुरी दिन आह्वान गरेको छ	sʌnsʌd̪ij sunuwai sʌmit̪ile bibʱinn d̪esʌka lagi sipʰaris bʱʌeka radzʌd̪ut̪ʌɦʌrubare udzuri d̪inʌ aɦwan gʌreko tsʰʌ
जिल्लामा भैँसीपालनलाई महत्व दिँदै थोरैमा दुई तीनवटा भए पनि भैँसीपालनलाई कृषकले व्यावसायिक रुप दिन थालेका छन्	dzillama bʱʌ̃isipalʌnʌlai mʌɦʌt̪w d̪ĩd̪ʌi t̪ʰorʌima d̪ui t̪inʌwʌʈa bʱʌe pʌni bʱʌ̃isipalʌnʌlai krisʌkʌle wjawʌsajik rup d̪inʌ t̪ʰaleka tsʰʌn
त्यसमा पनि न्यूयोर्क सहर जहाँ संसारका सबै मानव जातिको उपस्थिति प्रत्येक दिन देख्न सकिन्छ	t̪jʌsʌma pʌni njujork sʌɦʌr dzʌɦã sʌnsarʌka sʌbʌi manʌw dzat̪iko upʌst̪ʰit̪i prʌt̪jek d̪in d̪ekʰn sʌkintsʰ
अरु त अरु धार्मिक द्वन्द्वलाई प्रश्रय दिन रुचाउनेहरुले पनि यो वा त्यो नाउँमा दशैँको विरोध गरेर भए पनि दशैँ मनाए	ʌru t̪ʌ ʌru d̪ʱarmik d̪wʌnd̪wʌlai prʌsrʌj d̪inʌ rutsauneɦʌrule pʌni jo wa t̪jo naũma d̪ʌsʌ̃iko wirod̪ʱ gʌrer bʱʌe pʌni d̪ʌsʌ̃i mʌnae
साताको दोस्रो दिन सोमबार सुनको मूल्य ह्वात्तै बढेको छ	sat̪ako d̪osro d̪in somʌbar sunʌko mulj ɦwat̪t̪ʌi bʌɖʱeko tsʰʌ
साताको पहिलो र दोस्रो दिन घटेको सुनको मूल्य मंगलबार भने तोलामा १५ सयले वृद्धि भएको छ	sat̪ako pʌɦilo rʌ d̪osro d̪in gʱʌʈeko sunʌko mulj mʌngʌlʌbar bʱʌne t̪olama pʌnd̪ʱr sʌjʌle wrid̪d̪ʱi bʱʌeko tsʰʌ
उसले छेउमा आएर टाउको देखाउँदै भन्यो त्यो दिन म बेहोस नभएको भए तँलाई त्यहीँ बारीमा गाड्थेँ बुझिस्	usʌle tsʰeuma aerʌ ʈauko d̪ekʰaũd̪ʌi bʱʌnjo t̪jo d̪in mʌ beɦos nʌbʱʌeko bʱʌe t̪ʌ̃lai t̪jʌɦĩ barima gaɖt̪ʰẽ budzʱis
गित संगीतको क्षेत्र आफुलाई भिन्दै गायकको उपमा दिन खोज्ने डागीँले यस अघि पनि थुप्रै चर्चित गित हरु बजार ल्याईसकेका छन्	git̪ sʌngit̪ʌko kset̪r apʰulai bʱind̪ʌi gajʌkʌko upʌma d̪inʌ kʰodzne ɖagĩle jʌs ʌgʱi pʌni t̪ʰuprʌi tsʌrtsit̪ git̪ ɦʌru bʌdzar ljaisʌkeka tsʰʌn
यस्तै अर्का अमेरिकी सांसद शेर्रोड ब्राउनले भनेका छन् हामी फेसबुकलाई बिना सुपरिवेक्षण स्वीस बैंकबाट नयाँ खतरनाक डिजिटल मुद्रा चलाउन अनुमति दिन सक्दैनौँ	jʌst̪ʌi ʌrka ʌmeriki sansʌd̪ serroɖ braunʌle bʱʌneka tsʰʌn ɦami pʰesʌbukʌlai bina supʌriweksʌɳ swis bʌinkbaʈʌ nʌjã kʰʌt̪ʌrʌnak ɖidziʈʌl mud̪ra tsʌlaun ʌnumʌt̪i d̪inʌ sʌkd̪ʌinʌ̃u
लार्ज फर्म फ्याक्टरले एप्पललाई इम्प्रुभ्ड ब्याट्री लाइफ सुधारिएको ब्याट्री जीवन को लागि ठूला ब्याट्रीहरू समावेश गर्न अनुमति दिन सक्छ	lardz pʰʌrm pʰjakʈʌrʌle eppʌlʌlai imprubʱɖ bjaʈri laipʰ sud̪ʱarieko bjaʈri dziwʌn ko lagi ʈʰula bjaʈriɦʌru sʌmawes gʌrnʌ ʌnumʌt̪i d̪inʌ sʌktsʰ
राष्ट्रिय स्कूल भोजन कार्यक्रमका लागी योग्यताले तपार्इको विद्यार्थीको स्कूल सम्बन्धित गतिविधिहरुमा छूट अनुमति दिन सक्छ	rasʈrij skul bʱodzʌn karjʌkrʌmʌka lagi jogjʌt̪ale t̪ʌpariko wid̪jart̪ʰiko skul sʌmbʌnd̪ʱit̪ gʌt̪iwid̪ʱiɦʌruma tsʰuʈ ʌnumʌt̪i d̪inʌ sʌktsʰ
कुर्सीमा बसेँ र आँखा चिम्लेर सिन्थोलको बास्नालाई मस्तसित सुँघेँ सुँघिरहेँ	kursima bʌsẽ rʌ ãkʰa tsimler sint̪ʰolʌko basnalai mʌst̪sit̪ʌ sũgʱẽ sũgʱirʌɦẽ
वि सं २०३५ ०३६ सालतिर ६ ७ कक्षामा पढ्दा विधान अरू साथीहरूसित मिलेर स्कुलबाट भाग्थे र मखन र ओटुका गल्लीभित्र पाँच रुपियाँ तिरेर ब्रुस लीका फिल्म भिडियोमा हेर्ने गर्थे	wi sʌn d̪ui ɦʌdzar pʌint̪is tsʰʌt̪t̪is salʌt̪ir tsʰʌ sat̪ kʌksama pʌɖʱd̪a wid̪ʱan ʌru sat̪ʰiɦʌrusit̪ʌ miler skulbaʈʌ bʱagt̪ʰe rʌ mʌkʰʌn rʌ oʈuka gʌllibʱit̪r pãts rupijã t̪irer brus lika pʰilm bʱiɖijoma ɦerne gʌrt̪ʰe
सम्पादन फूल पात पत्कर टुकी आदिका स्रष्टा सम्पादक वल्लभका बारेमा लेख्न खोज्दा उहाँसित जोडिएका कथा मिथक हरूको चर्चा नगरी उक्त लेखन पूर्ण हुनेछैन	sʌmpad̪ʌn pʰul pat̪ pʌt̪kʌr ʈuki ad̪ika srʌsʈa sʌmpad̪ʌk wʌllʌbʱʌka barema lekʰn kʰodzd̪a uɦãsit̪ʌ dzoɖieka kʌt̪ʰa mit̪ʰʌk ɦʌruko tsʌrtsa nʌgʌri ukt̪ lekʰʌn purɳ ɦunetsʰʌinʌ
१० वा २० वर्षपछि विवाहित भइएला विवाहसँग उस्तो खुसी माधव पोखरेल अचेल धेरै नेपालीहरुलाई अर्को नचिनेको नेपालीसित भेट्ता मिठो बोली बोल्न पुगेको देखिँदैन	d̪ʌs wa bis wʌrsʌpʌtsʰi wiwaɦit̪ bʱʌiela wiwaɦʌsʌ̃g ust̪o kʰusi mad̪ʱʌw pokʰʌrel ʌtsel d̪ʱerʌi nepaliɦʌrulai ʌrko nʌtsineko nepalisit̪ʌ bʱeʈt̪a miʈʰo boli boln pugeko d̪ekʰĩd̪ʌinʌ
लाग्छ मेरो बाध्यता नै एउटा धुतुमुने छोरो हो सात आठ वर्ष आफ्नी स्वास्नीसित एउटै बिछ्यौनामा सुतेर पनि एक पटक ऊसित नबोलीकन जन्मेको धुतुमुने एउटा छोरो	lagtsʰ mero bad̪ʱjʌt̪a nʌi euʈa d̪ʱut̪umune tsʰoro ɦo sat̪ aʈʰ wʌrs apʰni swasnisit̪ʌ euʈʌi bitsʰjʌunama sut̪er pʌni ek pʌʈʌk usit̪ʌ nʌbolikʌn dzʌnmeko d̪ʱut̪umune euʈa tsʰoro
पोर्चुगलबाट युरोपेली च्याम्पियनसिप क्यालिफायरकाे तयारीका बेला राेनाल्डाेले मेस्सीदेखि आफू साउदी जाँदा खेप्नुपरेका टिप्पणीसम्म कुरा पत्रकारसित गरे	portsugʌlbaʈʌ juropeli tsjampijʌnʌsip kjalipʰajʌrʌko t̪ʌjarika bela ronalɖole messid̪ekʰi apʰu saud̪i dzãd̪a kʰepnupʌreka ʈippʌɳisʌmm kura pʌt̪rʌkarsit̪ʌ gʌre
बाहिर कतै घुम्न जाँदा कस्तो र कुन शैलीको जुत्ता वा चप्पल लगाउने कुन पहिरनसित कस्तो खालको जुत्ता सुहाउँछ आदि प्रश्न मनमा उठे पनि कुनै शंका गर्नुपर्दैन	baɦir kʌt̪ʌi gʱumn dzãd̪a kʌst̪o rʌ kun sʌiliko dzut̪t̪a wa tsʌppʌl lʌgaune kun pʌɦirʌnsit̪ʌ kʌst̪o kʰalʌko dzut̪t̪a suɦaũtsʰ ad̪i prʌsn mʌnʌma uʈʰe pʌni kunʌi sʌnka gʌrnupʌrd̪ʌinʌ
तैपनि शेयर बजारमा प्रयोग हुने शब्दावली यति कुशल ढंगले प्रयोग गर्थे कि ठुल्ठूला अनुभवी र चतुर पुँजीपति र व्यापारी पनि जालमा नराम्रोसित फस्न पुग्थे	t̪ʌipʌni sejʌr bʌdzarʌma prʌjog ɦune sʌbd̪awʌli jʌt̪i kusʌl ɖʱʌngʌle prʌjog gʌrt̪ʰe ki ʈʰulʈʰula ʌnubʱʌwi rʌ tsʌt̪ur pũdzipʌt̪i rʌ wjapari pʌni dzalʌma nʌramrosit̪ʌ pʰʌsn pugt̪ʰe
सुनको मूल्य दैनिकरुपमा बढ्नुमा कोरोना नै मुख्य कारण हो नेपाल सुनचाँदी व्यवसायी महासंघका पूर्वअध्यक्ष तेजरत्न शाक्यले शुक्रबार इमेजखबरसित भने	sunʌko mulj d̪ʌinikʌrupʌma bʌɖʱnuma korona nʌi mukʰj karʌɳ ɦo nepal sunʌtsãd̪i wjʌwʌsaji mʌɦasʌngʱʌka purwʌʌd̪ʱjʌks t̪edzʌrʌt̪n sakjʌle sukrʌbar imedzʌkʰʌbʌrsit̪ʌ bʱʌne
उनले सोभियत जासुसहरुसित मिलेर बेलायती युद्धमन्त्री जोन प्रोफ्युमोसित यौन सम्बन्ध गाँसी गोप्य सूचना प्राप्त गरेकी थिइन्	unʌle sobʱijʌt̪ dzasusʌɦʌrusit̪ʌ miler belajʌt̪i jud̪d̪ʱʌmʌnt̪ri dzon propʰjumosit̪ʌ jʌun sʌmbʌnd̪ʱ gãsi gopj sutsʌna prapt̪ gʌreki t̪ʰiin
कुनै समय सन्तोष राष्ट्रिय टोलीमा नपर्दा आफूले चाहेको जस्तो नहुँदा र मैदानमा रहँदा प्रशिक्षकले सब्स्टीच्युट गर्दा समेत आक्रोसित हुने गर्थे	kunʌi sʌmʌj sʌnt̪os rasʈrij ʈolima nʌpʌrd̪a apʰule tsaɦeko dzʌst̪o nʌɦũd̪a rʌ mʌid̪anʌma rʌɦʌ̃d̪a prʌsiksʌkʌle sʌbsʈitsjuʈ gʌrd̪a sʌmet̪ akrosit̪ʌ ɦune gʌrt̪ʰe
नागहरू दक्षिणी मैदानी क्षेत्रमा द्रविड लगायत आस्ट्रलाइड अनेक जातिसित र उत्तर हिमालयतिर किरात मङ्गोलहरूसित सम्मिश्रित हुन गएको नृवंशीय आधार बिर्सनु हुँदैन	nagʌɦʌru d̪ʌksiɳi mʌid̪ani kset̪rʌma d̪rʌwiɖ lʌgajʌt̪ asʈrʌlaiɖ ʌnek dzat̪isit̪ʌ rʌ ut̪t̪ʌr ɦimalʌjʌt̪ir kirat̪ mʌŋgolʌɦʌrusit̪ʌ sʌmmisrit̪ ɦunʌ gʌeko nriwʌnsij ad̪ʱar birsʌnu ɦũd̪ʌinʌ
फाइल फोटो राँझा पूर्वपश्चिम महेन्द्र राजमार्गअन्तर्गत बाँकेको अगैया कुसुुम सडकखण्डमा मान्छे खाने बाघ देखिएपछि स्थानीयवासी त्रसित हुन पुगेका छन्	pʰail pʰoʈo rãdzʱa purwʌpʌstsim mʌɦend̪r radzʌmargʌʌnt̪ʌrgʌt̪ bãkeko ʌgʌija kusum sʌɖʌkʌkʰʌɳɖʌma mantsʰe kʰane bagʱ d̪ekʰiepʌtsʰi st̪ʰanijʌwasi t̪rʌsit̪ʌ ɦunʌ pugeka tsʰʌn
युक्रेनका राष्ट्रपति भोलोदिमिर जेलेन्स्की रुसविरुद्द लड्न आफ्ना युक्रेनी सेनासित युद्ध मैदानमा खटिएको भन्दै सैनिक पोसाकसहितको फोटो प्रकाशन भयो	jukrenʌka rasʈrʌpʌt̪i bʱolod̪imir dzelenski rusʌwirud̪d̪ lʌɖn apʰna jukreni senasit̪ʌ jud̪d̪ʱ mʌid̪anʌma kʰʌʈieko bʱʌnd̪ʌi sʌinik posakʌsʌɦit̪ʌko pʰoʈo prʌkasʌn bʱʌjo
तर हामीले गत शुक्रबारकै मूल्यमा सुनचाँदी खरिद बिक्री गरिरहेका छौँ उनले सित भने अन्तर्राष्ट्रिय बजारमा पनि केही घटेको छ	t̪ʌr ɦamile gʌt̪ sukrʌbarʌkʌi muljʌma sunʌtsãd̪i kʰʌrid̪ bikri gʌrirʌɦeka tsʰʌ̃u unʌle sit̪ʌ bʱʌne ʌnt̪ʌrrasʈrij bʌdzarʌma pʌni keɦi gʱʌʈeko tsʰʌ
थ्रीस्टार र बीबीसी दशरथ रंगशालामा मध्याह्न १२ बजे थ्रीस्टार क्लबले ब्रिगेड ब्वाइज क्लब बीबीसी सित खेल्नेछ काठमाडौं पुस २३	t̪ʰrisʈar rʌ bibisi d̪ʌsʌrʌt̪ʰ rʌngʌsalama mʌd̪ʱjaɦn baɦr bʌdze t̪ʰrisʈar klʌbʌle brigeɖ bwaidz klʌb bibisi sit̪ʌ kʰelnetsʰ kaʈʰʌmaɖʌun pus t̪eis
कृति बिक्रीको रकमबाट काभ्रैकै नमोबुद्धमा सोइनम लाइब्रेरी समेत बनाएका विकुले आफ्नो कृतिलाई सामाजिक हितसित पनि जोड्न चाहेको दाबी गरे	krit̪i bikriko rʌkʌmbaʈʌ kabʱrʌikʌi nʌmobud̪d̪ʱʌma soinʌm laibreri sʌmet̪ bʌnaeka wikule apʰno krit̪ilai samadzik ɦit̪sit̪ʌ pʌni dzoɖn tsaɦeko d̪abi gʌre
कुर्सीमा बसेँ र आँखा चिम्लेर सिन्थोलको बास्नालाई मस्तसित सुँघेँ सुँघिरहेँ	kursima bʌsẽ rʌ ãkʰa tsimler sint̪ʰolʌko basnalai mʌst̪sit̪ʌ sũgʱẽ sũgʱirʌɦẽ
आमरण अनशनको तेह्राँै दिनमा सरकारले पठाएका प्रतिनिधिको उपस्थितिमा स्थानीय प्रशासनसित हाम्रो ६ बँुदे सहमति भयो	amʌrʌɳ ʌnʌsʌnʌko t̪eɦrʌ̃u d̪inʌma sʌrʌkarʌle pʌʈʰaeka prʌt̪inid̪ʱiko upʌst̪ʰit̪ima st̪ʰanij prʌsasʌnsit̪ʌ ɦamro tsʰʌ bũd̪e sʌɦʌmʌt̪i bʱʌjo
त्यसैले मधेस समस्या समाधान हुँदैमा भारतसित सम्बन्ध सुध्रिँदैन सम्बन्ध नसुध्री पेट्रोलियम पाइप लाइनको काम अघि बढ्दैन	t̪jʌsʌile mʌd̪ʱes sʌmʌsja sʌmad̪ʱan ɦũd̪ʌima bʱarʌt̪sit̪ʌ sʌmbʌnd̪ʱ sud̪ʱrĩd̪ʌinʌ sʌmbʌnd̪ʱ nʌsud̪ʱri peʈrolijʌm paip lainʌko kam ʌgʱi bʌɖʱd̪ʌinʌ
यिनीसित कह गरी लडूँ ह्वोचेँ र म राजनीति खेल्ने भकी हुँ	jinisit̪ʌ kʌɦ gʌri lʌɖũ ɦwotsẽ rʌ mʌ radzʌnit̪i kʰelne bʱʌki ɦũ
बौद्धस्थित तामाङ गुम्बा नजिकैको एउटा घरको छिँडीको सुरुङजस्तो साँघुरो कोठामा उनी अझै पनि मृत्युसित पौँठेजोरी खेलिरहेका छन्	bʌud̪d̪ʱʌst̪ʰit̪ t̪amaŋ gumba nʌdzikʌiko euʈa gʱʌrʌko tsʰĩɖiko suruŋʌdzʌst̪o sãgʱuro koʈʰama uni ʌdzʱʌi pʌni mrit̪jusit̪ʌ pʌ̃uʈʰedzori kʰelirʌɦeka tsʰʌn
पछि मैले उनकी पत्नी सन् १९६० को दशकको अन्त्यतिर नेपालमा अमेरिकी राजदूत भएर काम गरेकी क्यारोल लैस सित पनि भेटेँ	pʌtsʰi mʌile unʌki pʌt̪ni sʌn ek ɦʌdzar nʌu sʌj saʈʰi ko d̪ʌsʌkʌko ʌnt̪jʌt̪ir nepalʌma ʌmeriki radzʌd̪ut̪ bʱʌerʌ kam gʌreki kjarol lʌis sit̪ʌ pʌni bʱeʈẽ
मलको स्पर्श या सम्पर्क खाने पानी खाद्य पदार्थ हात भाँडो या खाना पकाउने ठाँउ या सतहहरू सित भएमा नानी र वयस्क दुवैको शरीरमा डायरियाको रोगाणु प्रवेश गर्न सक्छ	mʌlʌko spʌrs ja sʌmpʌrk kʰane pani kʰad̪j pʌd̪art̪ʰ ɦat̪ bʱãɖo ja kʰana pʌkaune ʈʰãu ja sʌt̪ʌɦʌɦʌru sit̪ʌ bʱʌema nani rʌ wʌjʌsk d̪uwʌiko sʌrirʌma ɖajʌrijako rogaɳu prʌwes gʌrnʌ sʌktsʰ
लोकदोहोरी गायिका ज्योति मगरले पोखराको अमरसिंह चौरमा जारी महोत्सवको शुक्रबारको दिन दर्शकहरुलाई आफ्नो प्रस्तुति मार्फत मनोरञ्जन प्रदान गरेकी छिन्	lokʌd̪oɦori gajika dzjot̪i mʌgʌrʌle pokʰʌrako ʌmʌrʌsinɦ tsʌurʌma dzari mʌɦot̪sʌwʌko sukrʌbarʌko d̪inʌ d̪ʌrsʌkʌɦʌrulai apʰno prʌst̪ut̪i marpʰʌt̪ mʌnorʌndzʌn prʌd̪an gʌreki tsʰin
यस अघि श्रीदेवी र बोनी कपूरकी छोरी भनेर चिनिने जान्हवी कपूरले पहिलो फिल्मबाटै अभिनयका बलले आफ्नो छुट्टै पहिचान बनाउन सफल भएकी छिन्	jʌs ʌgʱi srid̪ewi rʌ boni kʌpurʌki tsʰori bʱʌner tsinine dzanɦʌwi kʌpurʌle pʌɦilo pʰilmʌbaʈʌi ʌbʱinʌjʌka bʌlʌle apʰno tsʰuʈʈʌi pʌɦitsan bʌnaun sʌpʰʌl bʱʌeki tsʰin
नवप्रवेशी नायिकाहरु अक्सर खुल्न नसकिरहेको बेला चलचित्र प्रेमगीत ३ की नायिका क्रिस्टिना गुरुङले भने आफू नाबालिगकै पक्षमा रहेको घुमाउरो स्टेटमेण्ट दिएकी छिन्	nʌwʌprʌwesi najikaɦʌru ʌksʌr kʰuln nʌsʌkirʌɦeko bela tsʌlʌtsit̪r premʌgit̪ t̪in ki najika krisʈina guruŋʌle bʱʌne apʰu nabaligʌkʌi pʌksʌma rʌɦeko gʱumauro sʈeʈʌmeɳʈ d̪ieki tsʰin
५० दिन देखी तेजाबको पिडा भोग्ने हामी सबैको छोरी मुस्कानले प्रधानमन्त्री मन्त्री ज्यु लाई एक पत्र लेखेर गुहार मागेकी छिन्	pʌtsas d̪inʌ d̪ekʰi t̪edzabʌko piɖa bʱogne ɦami sʌbʌiko tsʰori muskanʌle prʌd̪ʱanʌmʌnt̪ri mʌnt̪ri dzju lai ek pʌt̪r lekʰer guɦar mageki tsʰin
स्वास्थ्य क्षेत्र सँगसँगै आफ्नो शैक्षिक ज्ञान साझा गर्न नर्सिङ कोर्सको पहुँच एवं विकास गर्न नेपाल अनलाइन स्कूल संग काम गरिरहेकी छिन	swast̪ʰj kset̪r sʌ̃gʌsʌ̃gʌi apʰno sʌiksik dznan sadzʱa gʌrnʌ nʌrsiŋ korsʌko pʌɦũts ewʌn bikas gʌrnʌ nepal ʌnʌlain skul sʌng kam gʌrirʌɦeki tsʰinʌ
७८ ५ ६ काठमाडौँ भूमि व्यवस्था सहकारी तथा गरिबी निवारणमन्त्री शिवमाया तुम्बाहाम्फेले मालपोत र नापी कार्यालयका जनगुनासोलाई सम्बोधन गर्ने बताएकी छिन	ʌʈʰʌɦʌt̪t̪ʌr pãts tsʰʌ kaʈʰʌmaɖʌ̃u bʱumi wjʌwʌst̪ʰa sʌɦʌkari t̪ʌt̪ʰa gʌribi niwarʌɳʌmʌnt̪ri siwʌmaja t̪umbaɦampʰele malʌpot̪ rʌ napi karjalʌjʌka dzʌnʌgunasolai sʌmbod̪ʱʌn gʌrne bʌt̪aeki tsʰinʌ
यस्तै अभिनेत्री आलिया भट्ट यतिबेला सञ्जय लीला भन्सालीको फिल्म गंगूबाई काठियावाडी र अयान मुखर्जीको फिल्म ब्रम्हास्त्र मा काम गरिरहेकी छिन	jʌst̪ʌi ʌbʱinet̪ri alija bʱʌʈʈ jʌt̪ibela sʌndzʌj lila bʱʌnsaliko pʰilm gʌngubai kaʈʰijawaɖi rʌ ʌjan mukʰʌrdziko pʰilm brʌmɦast̪r ma kam gʌrirʌɦeki tsʰinʌ
महिलातर्फ श्रीलंकाकी काया दलुवाटेले समग्रमा २ अन्डर १ सय ४२ सहित भारतकी दिया क्रिस कुमार माथि ६ स्ट्रोकको अग्रता बनाएकी छिन	mʌɦilat̪ʌrpʰ srilʌnkaki kaja d̪ʌluwaʈele sʌmʌgrʌma d̪ui ʌnɖʌr ek sʌj bʌjalis sʌɦit̪ bʱarʌt̪ʌki d̪ija kris kumar mat̪ʰi tsʰʌ sʈrokʌko ʌgrʌt̪a bʌnaeki tsʰinʌ
तर के यो पनि मानवकेन्द्रित विश्वदृष्टि नै उपज होइन र कार्यक्रममा बोल्दै जाँदा एक छिन अघिको बर्डवाच दौरान देखिएको नीला घाँटी भएको सुन्दर कुथ्रुके सम्झें	t̪ʌr ke jo pʌni manʌwʌkend̪rit̪ wiswʌd̪risʈi nʌi upʌdz ɦoin rʌ karjʌkrʌmʌma bold̪ʌi dzãd̪a ek tsʰin ʌgʱiko bʌrɖʌwats d̪ʌuran d̪ekʰieko nila gʱãʈi bʱʌeko sund̪ʌr kut̪ʰruke sʌmdzʱen
मेरो नजिकका नातेदारले तिनी दिदी त बोक्सी छिन रे उनका अगाडि खानेकुरा लुकाएर लैजा है खानेकुरा उनले हाम्रो दुध दिने भैँसीको कल्चडो नदेखे नहेरे पनि हुन्थ्यो	mero nʌdzikʌka nat̪ed̪arʌle t̪ini d̪id̪i t̪ʌ boksi tsʰinʌ re unʌka ʌgaɖi kʰanekura lukaerʌ lʌidza ɦʌi kʰanekura unʌle ɦamro d̪ud̪ʱ d̪ine bʱʌ̃isiko kʌltsʌɖo nʌd̪ekʰe nʌɦere pʌni ɦunt̪ʰjo
यस्तै छात्रा तर्फको दौडमा जनता मावि पोखराकी यमुना सुनार प्रथम सानोभेरी मावि लम्पाकोटकी शुष्मा जैसी दोस्रो र रुक्मिणी मावि रुकुमकोटकी सावित्रा सेन तेस्रो भएकी छिन्	jʌst̪ʌi tsʰat̪ra t̪ʌrpʰʌko d̪ʌuɖʌma dzʌnn̪ta mawi pokʰʌraki jʌmuna sunar prʌt̪ʰʌm sanobʱeri mawi lʌmpakoʈʌki susma dzʌisi d̪osro rʌ rukmiɳi mawi rukumʌkoʈʌki sawit̪ra sen t̪esro bʱʌeki tsʰin
भोलि उहाँहरू बुढा बुढी भएपछि उनले पनि श्रवण कुमार ले झैँ आफ्नो बाबु आमा को ख्याल राख्ने छिन	bʱoli uɦãɦʌru buɖʱa buɖʱi bʱʌepʌtsʰi unʌle pʌni srʌwʌɳ kumar le dzʱʌ̃i apʰno babu ama ko kʰjal rakʰne tsʰinʌ
समय कति चाँडो सकियो पत्तै भएन तर जसको नृत्यमा ताल र सुर मिलेको छैन उसको नृत्य भने एकै छिन पनि हेर्न सक्नुहुन्न	sʌmʌj kʌt̪i tsãɖo sʌkijo pʌt̪t̪ʌi bʱʌenʌ t̪ʌr dzʌsʌko nrit̪jʌma t̪al rʌ sur mileko tsʰʌinʌ usʌko nrit̪j bʱʌne ekʌi tsʰin pʌni ɦernʌ sʌknuɦunn
भिडियो सार्वजनिक भएको छोटो समयमा लाखौ दर्शक श्रोताहरुको माया बटुल्न सफल भएकोमा गायिका सहिमा श्रेष्ठ अहिले दङ्ग छिन्	bʱiɖijo sarwʌdzʌnik bʱʌeko tsʰoʈo sʌmʌjʌma lakʰʌu d̪ʌrsʌk srot̪aɦʌruko maja bʌʈuln sʌpʰʌl bʱʌekoma gajika sʌɦima sresʈʰ ʌɦile d̪ʌŋg tsʰin
भिडियो सार्वजनिक भएको छोटो समयमा लाखौँ दर्शक श्रोताहरूको माया बटुल्न सफल भएकोमा गायिका सहिमा श्रेष्ठ अहिले दङ्ग छिन्	bʱiɖijo sarwʌdzʌnik bʱʌeko tsʰoʈo sʌmʌjʌma lakʰʌ̃u d̪ʌrsʌk srot̪aɦʌruko maja bʌʈuln sʌpʰʌl bʱʌekoma gajika sʌɦima sresʈʰ ʌɦile d̪ʌŋg tsʰin
२ ४ दिन देखि यता चिनियाँ राजदूत होउ यान्छी निरन्तर रुपमा पदीय हैसियत मर्यादा नाघेर नेताहरुको घर दैलो डुल्दै नयाँ अभ्यासबाट यस मेन बनाउन खोजिरहेकी छिन	d̪ui tsar d̪inʌ d̪ekʰi jʌt̪a tsinijã radzʌd̪ut̪ ɦou jantsʰi nirʌnt̪ʌr rupʌma pʌd̪ij ɦʌisijʌt̪ mʌrjad̪a nagʱer net̪aɦʌruko gʱʌr d̪ʌilo ɖuld̪ʌi nʌjã ʌbʱjasbaʈʌ jʌs men bʌnaun kʰodzirʌɦeki tsʰinʌ
महाराजगंज नगरपालिका ८ सिग्राहामा छिमेकीको कुटाईबाट ३५ बर्षे मुन्नुदेबी कहार गंभीर घाईते भएकी छिन्	mʌɦaradzʌgʌndz nʌgʌrʌpalika aʈʰ sigraɦama tsʰimekiko kuʈaibaʈʌ pʌint̪is bʌrse munnud̪ebi kʌɦar gʌnbʱir gʱait̪e bʱʌeki tsʰin
सामाजिक सञ्जालमार्फत राखीले आफ्नो गीत छप्पन चुरीलाई फ्यानहरूबाट हिट बनाउन अनुरोध गरिरहेकी छिन साथै अब सधैको काठमाडौं भदौ २५	samadzik sʌndzalʌmarpʰʌt̪ rakʰile apʰno git̪ tsʰʌppʌn tsurilai pʰjanʌɦʌrubaʈʌ ɦiʈ bʌnaun ʌnurod̪ʱ gʌrirʌɦeki tsʰinʌ sat̪ʰʌi ʌbʌ sʌd̪ʱʌiko kaʈʰʌmaɖʌun bʱʌd̪ʌu pʌtstsis
चिनियाँ विदेशमन्त्री छिन ग्याङले युक्रेनी समकक्षी दिमिट्रो कुलेबासँग फोनमा कुराकानी गरेको एक दिनपछि शुक्रबार राष्ट्रपति सीको रुस भ्रमण घोषणा हुनु संयोग मात्र थिएन	tsinijã wid̪esʌmʌnt̪ri tsʰinʌ gjaŋʌle jukreni sʌmʌkʌksi d̪imiʈro kulebasʌ̃g pʰonʌma kurakani gʌreko ek d̪inʌpʌtsʰi sukrʌbar rasʈrʌpʌt̪i siko rus bʱrʌmʌɳ gʱosʌɳa ɦunu sʌnjog mat̪r t̪ʰienʌ
यसरी लाखौँ दर्शक श्रोताहरुको माया बटुल्न सफल भएकोमा गायिका सहिमा श्रेष्ठ अहिले दङ्ग छिन्	jʌsʌri lakʰʌ̃u d̪ʌrsʌk srot̪aɦʌruko maja bʌʈuln sʌpʰʌl bʱʌekoma gajika sʌɦima sresʈʰ ʌɦile d̪ʌŋg tsʰin
दिदी एक छिन जंगिई बहिनीको जगल्टा लुछूँ कि गाला फुटुन्जेल पड्काऊँ भन्ने भई	d̪id̪i ek tsʰin dzʌngii bʌɦiniko dzʌgʌlʈa lutsʰũ ki gala pʰuʈundzel pʌɖkaũ bʱʌnne bʱʌi
साहित्यकार शाहले नेपाली भाषा साहित्यमा मात्र नभै हिन्दी अंग्रेजी नोवारी र मैथली भाषामा पनि थुप्रै गीत र कबिता लेखेकी छिन	saɦit̪jʌkar saɦʌle nepali bʱasa saɦit̪jʌma mat̪r nʌbʱʌi ɦind̪i ʌngredzi nowari rʌ mʌit̪ʰʌli bʱasama pʌni t̪ʰuprʌi git̪ rʌ kʌbit̪a lekʰeki tsʰinʌ
नेपाल कम्युनिष्ट पार्टीको झगडा सुल्झाउन चीनको केन्द्रीय सरकारको निर्देशनमा नेपालका लागि चीनियाँ राजदूत हाउ याङछी सक्रिय भएकी छिन्	nepal kʌmjunisʈ parʈiko dzʱʌgʌɖa suldzʱaun tsinʌko kend̪rij sʌrʌkarʌko nird̪esʌnʌma nepalʌka lagi tsinijã radzʌd̪ut̪ ɦau jaŋʌtsʰi sʌkrij bʱʌeki tsʰin
विश्वको आठौं विशेषतायुक्त स्थान अर्थात् छिन वंशका प्रथम संम्राटको समाधिस्थल अवलोकन गर्न सिआन सहर पुग्नुपर्छ	wiswʌko aʈʰʌun wisesʌt̪ajukt̪ st̪ʰan ʌrt̪ʰat̪ tsʰinʌ wʌnsʌka prʌt̪ʰʌm sʌnmraʈʌko sʌmad̪ʱist̪ʰʌl ʌwʌlokʌn gʌrnʌ sian sʌɦʌr pugnupʌrtsʰ
पोखराको अमरसिंह मैदानमा जारी बाह्रौं संस्करणको पोखरा महोत्सवमा भोली बुधबार चर्चित लोकदोहोरी गायिका शान्ति श्री परियार र गायिका मेलिना राई आउने भएकी छिन्	pokʰʌrako ʌmʌrʌsinɦ mʌid̪anʌma dzari baɦrʌun sʌnskʌrʌɳʌko pokʰʌra mʌɦot̪sʌwʌma bʱoli bud̪ʱʌbar tsʌrtsit̪ lokʌd̪oɦori gajika sant̪i sri pʌrijar rʌ gajika melina rai aune bʱʌeki tsʰin
विदेशी भूमिमा बसेर पनि नेपाली गीत सङ्गीत कला संस्कृति र साहित्यलाई अगाध माया गर्ने गायिका इसा दर्शक श्रोता माझ समेत उत्तिकै लोकप्रिय छिन	wid̪esi bʱumima bʌser pʌni nepali git̪ sʌŋgit̪ kʌla sʌnskrit̪i rʌ saɦit̪jʌlai ʌgad̪ʱ maja gʌrne gajika isa d̪ʌrsʌk srot̪a madzʱ sʌmet̪ ut̪t̪ikʌi lokʌprij tsʰinʌ
उनले आफ्नो फेसबुक पोस्टमा झुक्याएर भाङ खुवाएपछी सहन नसकेर नदिमा हाम फालेको उल्लेख गरिकी छिन	unʌle apʰno pʰesʌbuk posʈʌma dzʱukjaerʌ bʱaŋ kʰuwaepʌtsʰi sʌɦʌn nʌsʌker nʌd̪ima ɦam pʰaleko ullekʰ gʌriki tsʰinʌ
चारैतिर महिलाले घेरिएकी म छिन छिनमा होसमा आउँदा रमेशसँग बिताएका पल र गरेका संघर्ष सम्झिन्थेँ र फेरि मुर्छा पर्थेँ	tsarʌit̪ir mʌɦilale gʱerieki mʌ tsʰinʌ tsʰinʌma ɦosʌma aũd̪a rʌmesʌsʌ̃g bit̪aeka pʌl rʌ gʌreka sʌngʱʌrs sʌmdzʱint̪ʰẽ rʌ pʰeri murtsʰa pʌrt̪ʰẽ
फेदीमा एक छिन आराम गरूँ जुकाको स्थिति बुझूँ भनेर टुसुक्क बसेँ	pʰed̪ima ek tsʰin aram gʌrũ dzukako st̪ʰit̪i budzʱũ bʱʌner ʈusukk bʌsẽ
प्रसिद्द अल्ट्रा ट्रैल धाविका मीरा राई अमेरिकाको न्युयोर्क शहरमा सन २०१८ का लागि एशिया सोसाईटी द्वारा गेम चेन्जर अवार्ड बाट सम्मानित भएकि छिन्	prʌsid̪d̪ ʌlʈra ʈrʌil d̪ʱawika mira rai ʌmerikako njujork sʌɦʌrʌma sʌn d̪ui ɦʌdzar ʌʈʰar ka lagi esija sosaiʈi d̪wara gem tsendzʌr ʌwarɖ baʈ sʌmmanit̪ bʱʌeki tsʰin
म्युजिक भिडियोबाट आफ्नो सांगीतिक यात्रा सुरु गरेकी स्नेहा पौडेल फेसन प्लसले आयोजना गरेको मिस टिन २०१६ मा भाग लिने ६०जना प्रतिस्पर्धीमा छानिएकी छिन्	mjudzik bʱiɖijobaʈʌ apʰno sangit̪ik jat̪ra suru gʌreki sneɦa pʌuɖel pʰesʌn plʌsʌle ajodzʌna gʌreko mis ʈin d̪ui ɦʌdzar soɦr ma bʱag line saʈʰidzʌna prʌt̪ispʌrd̪ʱima tsʰanieki tsʰin
जोया अफ्रोज एउटा भारतीय अभिनेत्री र मोडल हुन् जसले हिन्दि चलचित्र मा पनि देखा परेकी छिन्	dzoja ʌpʰrodz euʈa bʱarʌt̪ij ʌbʱinet̪ri rʌ moɖʌl ɦun dzʌsʌle ɦind̪i tsʌlʌtsit̪r ma pʌni d̪ekʰa pʌreki tsʰin
अभिनेत्री रकुल प्रीत सिंह पनि सोशल मीडियामा फिल्मको साथ धेरै सक्रिय छिन्	ʌbʱinet̪ri rʌkul prit̪ sinɦ pʌni sosʌl miɖijama pʰilmʌko sat̪ʰ d̪ʱerʌi sʌkrij tsʰin
दुई दिनअघि पाँडेले गणेश थापालाई सामाजिक सञ्जाल फेसबुकमा लेखेका छन् काम कुरो एका तिर कुम्लो बोकी ठिमीतिर नहोस् है फुटबलका नेताहरू पछुताउनु नपरोस्	d̪ui d̪inʌʌgʱi pãɖele gʌɳes t̪ʰapalai samadzik sʌndzal pʰesʌbukʌma lekʰeka tsʰʌn kam kuro eka t̪irʌ kumlo boki ʈʰimit̪ir nʌɦos ɦʌi pʰuʈʌbʌlʌka net̪aɦʌru pʌtsʰut̪aunu nʌpʌros
नेपाल कम्युनिष्ट पार्टी नेकपा का नेता देवेन्द्र पौडेलले केही दिन अघि दुई वटा फोटो राख्दै सामाजिक सञ्जालमा लेखे कति तनाव लिनु आफू त लागियो गाउँघर तिर	nepal kʌmjunisʈ parʈi nekʌpa ka net̪a d̪ewend̪r pʌuɖelʌle keɦi d̪inʌ ʌgʱi d̪ui wʌʈa pʰoʈo rakʰd̪ʌi samadzik sʌndzalʌma lekʰe kʌt̪i t̪ʌnaw linu apʰu t̪ʌ lagijo gaũgʱʌr t̪irʌ
तातो पानी औषधि खोप्टो परेर सुत्ने गर्दा पनि सुख्खा खोकी र अक्सिजनको मात्रामा सुधार नभई श्वास फेर्न गाह्रो हुँदै झनै ८५ तिर पुगेपछि अस्पताल जानैपर्ने महसुस गरें	t̪at̪o pani ʌusʌd̪ʱi kʰopʈo pʌrer sut̪ne gʌrd̪a pʌni sukʰkʰa kʰoki rʌ ʌksidzʌnʌko mat̪rama sud̪ʱar nʌbʱʌi swas pʰern gaɦro ɦũd̪ʌi dzʱʌnʌi pʌtsasi t̪irʌ pugepʌtsʰi ʌspʌt̪al dzanʌipʌrne mʌɦʌsus gʌren
चुनाव जित्न करोडौं खर्च गर्ने र जितेपछि आफूले खर्च गरेको रकम उठाउन तिर जनप्रतिनिधि लाग्दा चुनावप्रति नै जनताको रुची घट्ने होकि भन्ने चिन्ता बढको देखिन्छ	tsunaw dzit̪n kʌroɖʌun kʰʌrts gʌrne rʌ dzit̪epʌtsʰi apʰule kʰʌrts gʌreko rʌkʌm uʈʰaun t̪irʌ dzʌnʌprʌt̪inid̪ʱi lagd̪a tsunawʌprʌt̪i nʌi dzʌnʌt̪ako rutsi gʱʌʈne ɦoki bʱʌnne tsint̪a bʌɖʱʌko d̪ekʰintsʰ
०६५ तिर मेलम्ची र इन्द्रावती बगरमा टोलका साथीसँग खेल्दै फुटबलयात्रा सुरु गरेका उनी अहिले खुमलटार युथ क्लबमा आबद्ध भएर ए डिभिजन खेल्ने तयारीमा छन्	pʌinsʌʈʰʈʰi t̪irʌ melʌmtsi rʌ ind̪rawʌt̪i bʌgʌrʌma ʈolʌka sat̪ʰisʌ̃g kʰeld̪ʌi pʰuʈʌbʌlʌjat̪ra suru gʌreka uni ʌɦile kʰumʌlʌʈar jut̪ʰ klʌbʌma abʌd̪d̪ʱ bʱʌerʌ e ɖibʱidzʌn kʰelne t̪ʌjarima tsʰʌn
को हुन् सिद्धबाबा सोलुखुम्बुको जुबुमा ०३१ फागुन १९ गते जन्मेका कृष्णबहादुर गिरी स्थानीय स्कुलमा कक्षा ७ फेल भएपछि ०४९ तिर घर छाडेर भारत गएका थिए	ko ɦun sid̪d̪ʱʌbaba solukʰumbuko dzubuma ekʌt̪is pʰagun unnais gʌt̪e dzʌnmeka krisɳʌbʌɦad̪ur giri st̪ʰanij skulʌma kʌksa sat̪ pʰel bʱʌepʌtsʰi unʌntsas t̪irʌ gʱʌr tsʰaɖer bʱarʌt̪ gʌeka t̪ʰie
मोबाईल ९८५१०७६६१५ डोटी जिल्ला सदरमुकाम सिलगढी डोटी बाट लगभग ६० किलोमिटर टाढा दक्षिण पश्चिम दिशा तिर पर्ने रमणीय उपत्यकाको नाम नै जोरायल हो	mobail nʌu aʈʰ pãts ek sunj sat̪ tsʰʌ tsʰʌ ek pãts ɖoʈi dzilla sʌd̪ʌrʌmukam silʌgʌɖʱi ɖoʈi baʈ lʌgʌbʱʌg saʈʰi kilomiʈʌr ʈaɖʱa d̪ʌksiɳ pʌstsim d̪isa t̪irʌ pʌrne rʌmʌɳij upʌt̪jʌkako nam nʌi dzorajʌl ɦo
विश्वका धेरै देशले आगामी सन् २०५० ५५ तिर पूर्ण रूपमा पेट्रोलियम विस्थापन गर्ने महत्वाकांक्षी लक्ष्य राखिरहँदा हालको प्रगति भने सन्तोषजनक देखिंदैन	wiswʌka d̪ʱerʌi d̪esʌle agami sʌn d̪ui ɦʌdzar pʌtsas pʌtsʌpʌnn t̪irʌ purɳ rupʌma peʈrolijʌm wist̪ʰapʌn gʌrne mʌɦʌt̪wakanksi lʌksj rakʰirʌɦʌ̃d̪a ɦalʌko prʌgʌt̪i bʱʌne sʌnt̪osʌdzʌnʌk d̪ekʰind̪ʌinʌ
त्यसपछि हत्त न पत्त खाटबाट उठेर मुखसुख धोएर फ्रीजबाट पाउरोटी र जाम झिकेर हातमा बोकि दौडिएँ ट्रेन स्टेशन तिर त्यो मिठो सपनी पूरा गर्न	t̪jʌsʌpʌtsʰi ɦʌt̪t̪ nʌ pʌt̪t̪ kʰaʈbaʈʌ uʈʰer mukʰʌsukʰ d̪ʱoerʌ pʰridzbaʈʌ pauroʈi rʌ dzam dzʱiker ɦat̪ʌma boki d̪ʌuɖiẽ ʈren sʈesʌn t̪irʌ t̪jo miʈʰo sʌpʌni pura gʌrnʌ
युट्युब फेसबुक टिकटक सबै तिर आफूलाई देख्दा चाहिँ एकदमै खुसी लाग्यो उनले सुनाइन् प्रेरणा पनि भयो	juʈjub pʰesʌbuk ʈikʌʈʌk sʌbʌi t̪irʌ apʰulai d̪ekʰd̪a tsaɦĩ ekʌd̪ʌmʌi kʰusi lagjo unʌle sunain prerʌɳa pʌni bʱʌjo
ल मानौँ त्यस्तै खत्तमै तेरो लोग्ने भएता पनि त्यसलाई सुधार गर्न तिर जाने कि उल्टै सानो कुरालाई ठुलो बनाएर आफ्नै लोग्नेको बेइज्जत गर्दै हिँड्ने	lʌ manʌ̃u t̪jʌst̪ʌi kʰʌt̪t̪ʌmʌi t̪ero logne bʱʌet̪a pʌni t̪jʌsʌlai sud̪ʱar gʌrnʌ t̪irʌ dzane ki ulʈʌi sano kuralai ʈʰulo bʌnaerʌ apʰnʌi logneko beidzdzʌt̪ gʌrd̪ʌi ɦĩɖne
ठिक ७ बजे विद्यार्थी शिक्षक साथीहरू र भान्से सहितको ८० जनाको टोली लिएर दुइटा बसहरु सूर्यचोकको बाटो हुँदै महेन्द्र हाइवे निस्किएर बुटवल तिर लागे	ʈʰik sat̪ bʌdze wid̪jart̪ʰi siksʌk sat̪ʰiɦʌru rʌ bʱanse sʌɦit̪ʌko ʌsi dzʌnako ʈoli lierʌ d̪uiʈa bʌsʌɦʌru surjʌtsokʌko baʈo ɦũd̪ʌi mʌɦend̪r ɦaiwe niskierʌ buʈʌwʌl t̪irʌ lage
बिहान १० बजे शल्यक्रिया कक्षभित्र लगिएकी आशालाई साँझ चार बजे तिर एकै चोटी आईसीयूमा सारियो उनले भने	biɦanʌ d̪ʌs bʌdze sʌljʌkrija kʌksʌbʱit̪r lʌgieki asalai sãdzʱ tsar bʌdze t̪irʌ ekʌi tsoʈi aisijuma sarijo unʌle bʱʌne
अकास्मात मेरो देब्रे हात फेसबुक तिर दौडन खोज्छ कर्सर विस्तारै सार्नुअघि नै दुई वर्षपछि पुन फेसबुकमा फ्रेन्ड रिक्वेस्ट आएको देखेँ	ʌkasmat̪ mero d̪ebre ɦat̪ pʰesʌbuk t̪irʌ d̪ʌuɖʌn kʰodztsʰ kʌrsʌr wist̪arʌi sarnuʌgʱi nʌi d̪ui wʌrsʌpʌtsʰi pun pʰesʌbukʌma pʰrenɖ rikwesʈ aeko d̪ekʰẽ
त्यसैगरी बीफाइभजी सिक्सजी पुस्ता तिर अग्रसर हुँदै गर्दा जीरो पावर कम्युनिकेशन हाम्रो मुख्य केन्द्रविन्दुमा पर्ने क्षेत्र हो ओपोका प्रमुख फाइभजी बैज्ञानिक हेनरी ट्यांगले भने	t̪jʌsʌigʌri bipʰaibʱʌdzi siksʌdzi pust̪a t̪irʌ ʌgrʌsʌr ɦũd̪ʌi gʌrd̪a dziro pawʌr kʌmjunikesʌn ɦamro mukʰj kend̪rʌwind̪uma pʌrne kset̪r ɦo opoka prʌmukʰ pʰaibʱʌdzi bʌidznanik ɦenʌri ʈjangʌle bʱʌne
कार्यकर्ता भन्दा व्यवसायको प्रोफाइल ठुलो हुने व्यक्तिहरू विशेष क्षेत्र बाहेक अन्य तिर समावेशले एक किसिमको संलग्नता यो सरकारले महसुस गरेन	karjʌkʌrt̪a bʱʌnd̪a wjʌwʌsajʌko propʰail ʈʰulo ɦune wjʌkt̪iɦʌru wises kset̪r baɦek ʌnj t̪irʌ sʌmawesʌle ek kisimʌko sʌnlʌgnʌt̪a jo sʌrʌkarʌle mʌɦʌsus gʌren
मन्त्रीहरूको कोलेस्ट्रोल नबढोस् सुगरलेभल नबढोस् ब्लड प्रेसर नियन्त्रणमा रहोस् भनेर जिमखाना मन्त्री निवासमा खोल्न तिर लागिपरेको छ यसलाई के भन्ने	mʌnt̪riɦʌruko kolesʈrol nʌbʌɖʱos sugʌrʌlebʱʌl nʌbʌɖʱos blʌɖ presʌr nijʌnt̪rʌɳʌma rʌɦos bʱʌner dzimʌkʰana mʌnt̪ri niwasʌma kʰoln t̪irʌ lagipʌreko tsʰʌ jʌsʌlai ke bʱʌnne
सन् १९९२ तिर इजरायलका वैज्ञानिक राफेल मेकुलम र उनको समूहले हिब्रू विश्वविद्यालयमा पत्ता लगाएका हुन्	sʌn ek ɦʌdzar nʌu sʌj bʌjannʌbbe t̪irʌ idzʌrajʌlʌka wʌidznanik rapʰel mekulʌm rʌ unʌko sʌmuɦʌle ɦibru wiswʌwid̪jalʌjʌma pʌt̪t̪a lʌgaeka ɦun
जौलीग्रान्ट एयरपोर्टबाट मोदी ७ १० तिर सेनाको ४ एम आई १७ हेलिकप्टरको सुरक्षा सहित उत्तरकाशी जिल्लामा भारत चीन सीमाना हर्षिलका लागि प्रस्थान गरे	dzʌuligranʈ ejʌrʌporʈbaʈʌ mod̪i sat̪ d̪ʌs t̪irʌ senako tsar em ai sʌt̪r ɦelikʌpʈʌrʌko surʌksa sʌɦit̪ ut̪t̪ʌrʌkasi dzillama bʱarʌt̪ tsin simana ɦʌrsilʌka lagi prʌst̪ʰan gʌre
सन् १८८१ तिर उहाँकी श्रीमती जेनी माक्र्स र जेठी छोरी जेनी लाँगे को मृत्युले गर्दा उहाँको हृदयलाई धुजाधुजा पारिदियो	sʌn ek ɦʌdzar aʈʰ sʌj ekasi t̪irʌ uɦãki srimʌt̪i dzeni makrs rʌ dzeʈʰi tsʰori dzeni lãge ko mrit̪jule gʌrd̪a uɦãko ɦrid̪ʌjʌlai d̪ʱudzad̪ʱudza parid̪ijo
तर सन् १९९० तिर विश्र्व बैङ्क र अन्तर्राष्ट्रिय मुद्रा कोषको ५० औँ वार्षिकोत्सव पछि यसलाई बन्द गरिनुपर्छ भनेर नारा लगाउनेमध्ये म पनि एक हुँ	t̪ʌr sʌn ek ɦʌdzar nʌu sʌj nʌbbe t̪irʌ wisrw bʌiŋk rʌ ʌnt̪ʌrrasʈrij mud̪ra kosʌko pʌtsas ʌ̃u warsikot̪sʌw pʌtsʰi jʌsʌlai bʌnd̪ gʌrinupʌrtsʰ bʱʌner nara lʌgaunemʌd̪ʱje mʌ pʌni ek ɦũ
चीनमा १९६७ तिर रेल प्लेटफर्म र स्टेशनहरूमा मानिसहरू एक मिनेट पनि चूप नलागी किताब पत्रपत्रिका हेरिरहेका हुन्थे	tsinʌma ek ɦʌdzar nʌu sʌj sʌɖʌsʌʈʰʈʰi t̪irʌ rel pleʈʌpʰʌrm rʌ sʈesʌnʌɦʌruma manisʌɦʌru ek mineʈ pʌni tsup nʌlagi kit̪ab pʌt̪rʌpʌt̪rika ɦerirʌɦeka ɦunt̪ʰe
तेस्रो वर्षमा यहूदाका राजा यहोयाकीमको शासनकालमा बाबेलका राजा नबूकदनेस्सरले यरूशलेममा आफ्ना सेनाद्वारा चारै तिर घेरेर त्यस माथि आक्रमण गरे	t̪esro wʌrsʌma jʌɦud̪aka radza jʌɦojakimʌko sasʌnʌkalʌma babelʌka radza nʌbukʌd̪ʌnessʌrʌle jʌrusʌlemʌma apʰna senad̪wara tsarʌi t̪irʌ gʱerer t̪jʌs mat̪ʰi akrʌmʌɳ gʌre
विश्व युद्ध २ को अन्त्य तिर संयुक्त राज्य वायु सेनाहरूले अगस्त ६ १९४५ म आठ बजेर पन्ध्र मिनेटमा एक परमाणु गिरायो	wisw jud̪d̪ʱ d̪ui ko ʌnt̪j t̪irʌ sʌnjukt̪ radzj waju senaɦʌrule ʌgʌst̪ tsʰʌ ek ɦʌdzar nʌu sʌj pʌint̪alis mʌ aʈʰ bʌdzer pʌnd̪ʱr mineʈʌma ek pʌrʌmaɳu girajo
आत्म निर्णयको स्वीकृतिले एसिया र अफ्रीकामा उपनिवेशवाद बिरोधी आन्दोलनलाई गति प्रदान गर् यो जबकि पश्चिमी यूरोप स्वयं एकीकरण तिर अघि बढन शुरू भयो	at̪m nirɳʌjʌko swikrit̪ile esija rʌ ʌpʰrikama upʌniwesʌwad̪ birod̪ʱi and̪olʌnʌlai gʌt̪i prʌd̪an gʌr jo dzʌbʌki pʌstsimi jurop swʌjʌn ekikʌrʌɳ t̪irʌ ʌgʱi bʌɖʱʌn suru bʱʌjo
तर खरवमा काम खराव मात्रै रोज्न सकिने अवस्थामा ओलिको बिकल्प को हुन सक्छ भनेर ओलिको बिकल्प खोज्नेले राम्रै सोच्नु पर्छ	t̪ʌr kʰʌrʌwʌma kam kʰʌraw mat̪rʌi rodzn sʌkine ʌwʌst̪ʰama oliko bikʌlp ko ɦunʌ sʌktsʰ bʱʌner oliko bikʌlp kʰodznele ramrʌi sotsnu pʌrtsʰ
त्यहाँको किरात संघ पनि पुगेँ तर प्यिँउल्वीँको मजोपी गाउँ घर भएका मालाका भाइ सरन लिम्बूसँग भेट हुन सकेन	t̪jʌɦãko kirat̪ sʌngʱ pʌni pugẽ t̪ʌr pjĩulwĩko mʌdzopi gaũ gʱʌr bʱʌeka malaka bʱai sʌrʌn limbusʌ̃g bʱeʈ ɦunʌ sʌkenʌ
तर कताको खैँजडी कताको बाँसुरी भनेजस्तो लय नमिलाइकन आ आफ्नै तालमा लाग्नाले तत्कालका लागि त्यो काम पनि फत्ते हुन सकेन	t̪ʌr kʌt̪ako kʰʌ̃idzʌɖi kʌt̪ako bãsuri bʱʌnedzʌst̪o lʌj nʌmilaikʌn a apʰnʌi t̪alʌma lagnale t̪ʌt̪kalʌka lagi t̪jo kam pʌni pʰʌt̪t̪e ɦunʌ sʌkenʌ
आफ्नो हुँदो खाँदो वरिष्ठता गुमाउन ऊ किन चाहन्छ बाहिर भूमिका जे भए पनि विभिन्न भित्री बहानामा निर्वाचन हुन नदिन उत्तिकै रणनीतिक खेल हुन सक्छ उसको	apʰno ɦũd̪o kʰãd̪o wʌrisʈʰʌt̪a gumaun u kin tsaɦʌntsʰ baɦir bʱumika dze bʱʌe pʌni bibʱinn bʱit̪ri bʌɦanama nirwatsʌn ɦunʌ nʌd̪inʌ ut̪t̪ikʌi rʌɳʌnit̪ik kʰel ɦunʌ sʌktsʰ usʌko
नगदसहित पुरस्कृत हुने खेलाडीहरुमा राष्ट्रिय टोलीका कप्तान अरुणा शाही म्याग्दी साफिया पुन बाग्लुङ उषा भण्डारी तनहुँ र शान्तिकुमारी थारू नवलपरासी हुन्	nʌgʌd̪ʌsʌɦit̪ purʌskrit̪ ɦune kʰelaɖiɦʌruma rasʈrij ʈolika kʌpt̪an ʌruɳa saɦi mjagd̪i sapʰija pun bagluŋ usa bʱʌɳɖari t̪ʌnʌɦũ rʌ sant̪ikumari t̪ʰaru nʌwʌlʌpʌrasi ɦun
स्याङ्जाको कालीगण्डकी गाउँपालिका ६ दब्छेमा रहेको ध्रुव ज्योति माध्यमिक विद्यालयका विद्यार्थी सैद्धान्तिक ज्ञानमा मात्र नभएर व्यावहारिक ज्ञानतर्फ आकर्षित हुन थालेका छन्	sjaŋdzako kaligʌɳɖʌki gaũpalika tsʰʌ d̪ʌbtsʰema rʌɦeko d̪ʱruw dzjot̪i mad̪ʱjʌmik wid̪jalʌjʌka wid̪jart̪ʰi sʌid̪d̪ʱant̪ik dznanʌma mat̪r nʌbʱerʌ wjawʌɦarik dznanʌt̪ʌrpʰ akʌrsit̪ ɦunʌ t̪ʰaleka tsʰʌn
पछिल्लो समय प्लस साइजबीच सौन्दर्य प्रतियोगिता नै हुन थालेको भन्दै उनले आफ्नो शारीरिक बनौटलाई स्विकारेर सोही अनुरुप व्यक्तित्व विकास गर्नुपर्ने बताइन्	pʌtsʰillo sʌmʌj plʌs saidzʌbits sʌund̪ʌrj prʌt̪ijogit̪a nʌi ɦunʌ t̪ʰaleko bʱʌnd̪ʌi unʌle apʰno saririk bʌnʌuʈʌlai swikarer soɦi ʌnurup wjʌkt̪it̪w bikas gʌrnupʌrne bʌt̪ain
यसअघि पनि अर्को फेसन सामग्री उत्पादन कम्पनी गुसीले कालो अनुहार प्रस्तुत गरिएको भनी सबैतिरबाट आलोचना हुन थालेपछि वुलन जम्परको बिक्रिमाथि नै रोक लगाएको थियो	jʌsʌʌgʱi pʌni ʌrko pʰesʌn samʌgri ut̪pad̪ʌn kʌmpʌni gusile kalo ʌnuɦar prʌst̪ut̪ gʌrieko bʱʌni sʌbʌit̪irbaʈʌ alotsʌna ɦunʌ t̪ʰalepʌtsʰi wulʌn dzʌmpʌrʌko bikrimat̪ʰi nʌi rok lʌgaeko t̪ʰijo
कोरोनाको उच्च संक्रमणका बेला स्वदेशमै बढेको खरिदारीले उत्साहित बनेका नेपालगंजका व्यापारीहरू उपभोक्ताको अस्वाभाविक रुपइडिया मोहले फेरि चिन्तित बन्न पुगेका हुन्	koronako utsts sʌnkrʌmʌɳʌka bela swʌd̪esʌmʌi bʌɖʱeko kʰʌrid̪arile ut̪saɦit̪ bʌneka nepalʌgʌndzʌka wjapariɦʌru upʌbʱokt̪ako ʌswabʱawik rupʌiɖija moɦʌle pʰeri tsint̪it̪ bʌnn pugeka ɦun
आगामी चैत्र १८ गतेसम्म सञ्चालन हुने महोत्सवमा आज आईतबार चर्चित गायक प्रमोद खरेल तथा चर्चित गायिका एवं उद्घोषिका शोभा त्रिपाठीको उपस्थिती हुन सकेन	agami tsʌit̪r ʌʈʰar gʌt̪esʌmm sʌntsalʌn ɦune mʌɦot̪sʌwʌma adz ait̪ʌbar tsʌrtsit̪ gajʌk prʌmod̪ kʰʌrel t̪ʌt̪ʰa tsʌrtsit̪ gajika ewʌn ud̪gʱosika sobʱa t̪ripaʈʰiko upʌst̪ʰit̪i ɦunʌ sʌkenʌ
रिक्सामा गह्रुंगो स्वरमा भन्थे दर्शक महानुभाव धनगढीको जोशी टाकिजमा आजैदेखि भव्यताका साथ प्रदर्शन हुन गइरहेछ गोविन्दा अभिनित हिन्दी कथानक चलचित्र आग	riksama gʌɦrungo swʌrʌma bʱʌnt̪ʰe d̪ʌrsʌk mʌɦanubʱaw d̪ʱʌnʌgʌɖʱiko dzosi ʈakidzʌma adzʌid̪ekʰi bʱʌwjʌt̪aka sat̪ʰ prʌd̪ʌrsʌn ɦun gʌirʌɦetsʰ gowind̪a ʌbʱinit̪ ɦind̪i kʌt̪ʰanʌk tsʌlʌtsit̪r ag
संसार नै महाव्याधिमा फसिरहेकै कारण राष्ट्रियरूपमा एसईई परीक्षा हुन नसक्दा ४ लाख ७२ हजार ७८ विद्यार्थीको मूल्याङ्कन गर्ने जिम्मा सम्बन्धित विद्यालयलाई दिइयो	sʌnsar nʌi mʌɦawjad̪ʱima pʰʌsirʌɦekʌi karʌɳ rasʈrijʌrupʌma esʌii pʌriksa ɦun nʌsʌkd̪a tsar lakʰ bʌɦʌt̪t̪ʌr ɦʌdzar ʌʈʰʌɦʌt̪t̪ʌr wid̪jart̪ʰiko muljaŋkʌn gʌrne dzimma sʌmbʌnd̪ʱit̪ wid̪jalʌjʌlai d̪iijo
धादिङको पिपल भञ्ज्याङ माविमा निमावि दरबन्दीमा कार्यरत दृष्टिबिहीन शिक्षक अनिता भट्टराई शिक्षक पदमा स्थायी हुँदाको हाँसो कहिल्यै खुशीमा परिणत हुन सकेन	d̪ʱad̪iŋʌko pipʌl bʱʌndzjaŋ mawima nimawi d̪ʌrʌbʌnd̪ima karjʌrʌt̪ d̪risʈibiɦin siksʌk ʌnit̪a bʱʌʈʈʌrai siksʌk pʌd̪ʌma st̪ʰaji ɦũd̪ako ɦãso kʌɦiljʌi kʰusima pʌriɳʌt̪ ɦunʌ sʌkenʌ
लोक संगीतका क्षेत्रमा स्याङ्जाका पुराना अग्रज कलाकारमा चन्द्रबहादुर सेन मसाने सावित्री शाह राजेन्द्र लम्साल क्षेत्री डिलबहादुर श्रेष्ठ पुरुषोत्तम न्यौपानेलगायत हुन्	lok sʌngit̪ʌka kset̪rʌma sjaŋdzaka purana ʌgrʌdz kʌlakarʌma tsʌnd̪rʌbʌɦad̪ur sen mʌsane sawit̪ri saɦ radzend̪r lʌmsal kset̪ri ɖilʌbʌɦad̪ur sresʈʰ purusot̪t̪ʌm njʌupanelʌgajʌt̪ ɦun
ताजा र स्वच्छ खाना बजारमा पाइदैन राती धेरै अनिधो बस्ने विहान अवेलासम्म सुत्ने सूर्ति तथा मदिराजन्य पदार्थको प्रयोगमा बृद्धि गर्नु जंकफुडहरु खाने आदि कारण नै हुन्	t̪adza rʌ swʌtstsʰ kʰana bʌdzarʌma paid̪ʌinʌ rat̪i d̪ʱerʌi ʌnid̪ʱo bʌsne wiɦan ʌwelasʌmm sut̪ne surt̪i t̪ʌt̪ʰa mʌd̪iradzʌnj pʌd̪art̪ʰʌko prʌjogʌma brid̪d̪ʱi gʌrnu dzʌnkʌpʰuɖʌɦʌru kʰane ad̪i karʌɳ nʌi ɦun
म्यान युनाइटेडले घरेलु इङ्लिस प्रिमियर लिगमा यो सिजनको सुरुवाती तीनमध्ये दुई खेलमा पराजय बेहोरेपछि प्रशिक्षक मोउरिन्होको ठूलै आलोचना हुन थालेको छ	mjan junaiʈeɖʌle gʱʌrelu iŋlis primijʌr ligʌma jo sidzʌnʌko suruwat̪i t̪inʌmʌd̪ʱje d̪ui kʰelʌma pʌradzʌj beɦorepʌtsʰi prʌsiksʌk mourinɦoko ʈʰulʌi alotsʌna ɦunʌ t̪ʰaleko tsʰʌ
कोरोना भाइरस कोभिड १९ को दोस्रो भेरिएन्टको संक्रमण ह्वात्तै बढेको र जारी निषेधाज्ञा पनि लम्बिएसँगै निर्माण उद्योगहरूको उत्पादन क्षमता कम हुन थालेको छ	korona bʱairʌs kobʱiɖ unnais ko d̪osro bʱerienʈʌko sʌnkrʌmʌɳ ɦwat̪t̪ʌi bʌɖʱeko rʌ dzari nised̪ʱadzna pʌni lʌmbiesʌ̃gʌi nirmaɳ ud̪jogʌɦʌruko ut̪pad̪ʌn ksʌmʌt̪a kʌm ɦunʌ t̪ʰaleko tsʰʌ
सताह सिपाहीकी स्वास्नी अफ्रिकन अमिगो छापामारको छोरो काठमाडौंमा कमरेड ज्याक्सन हाइट र भुइँखाटका लेखक शाह आफ्नो अभियान सफल हुन थालेपछि हौसिएका छन्	sʌt̪aɦ sipaɦiki swasni ʌpʰrikʌn ʌmigo tsʰapamarʌko tsʰoro kaʈʰʌmaɖʌunma kʌmʌreɖ dzjaksʌn ɦaiʈ rʌ bʱuĩkʰaʈʌka lekʰʌk saɦ apʰno ʌbʱijan sʌpʰʌl ɦunʌ t̪ʰalepʌtsʰi ɦʌusieka tsʰʌn
शुरुमै राजकुमार र सुनील दत्तसँग अभिनय गर्न र बी आर प्रोडक्सनजस्तो ठूलो ब्यानरमा खेल्न पुगेका कारण फिल्म रिलिज हुनुपूर्व नै विमीको चर्चा जताततै हुन पुगेको थियो	surumʌi radzʌkumar rʌ sunil d̪ʌt̪t̪ʌsʌ̃g ʌbʱinʌj gʌrnʌ rʌ bi ar proɖʌksʌnʌdzʌst̪o ʈʰulo bjanʌrʌma kʰeln pugeka karʌɳ pʰilm rilidz ɦunupurw nʌi wimiko tsʌrtsa dzʌt̪at̪ʌt̪ʌi ɦun pugeko t̪ʰijo
उनले ती प्रयोगकर्तालाई रिप्लाई दिँदै लेखेकी छिन् तपाई जीवनमा कुनै उत्पादनशील काम किन खोज्नु हुन्न कृपया आफैँप्रति यति कठो हुन रोक्नुहोस् जीवन यो भन्दा धेरै उत्तम छ	unʌle t̪i prʌjogʌkʌrt̪alai riplai d̪ĩd̪ʌi lekʰeki tsʰin t̪ʌpai dziwʌnʌma kunʌi ut̪pad̪ʌnʌsil kam kin kʰodznu ɦunn kripʌja apʰʌ̃iprʌt̪i jʌt̪i kʌʈʰo ɦun roknuɦos dziwʌn jo bʱʌnd̪a d̪ʱerʌi ut̪t̪ʌm tsʰʌ
यसको अर्को प्रमुख कारण यो हो कि अहिले शहरी क्षेत्रका बच्चाहरुलाई उचित चिकित्सा सुविधाहरुसँगै जन्मदेखि नै पौष्टिक खाना खाँदा उनीहरूको शारीरिक विकास छिटो हुन जान्छ	jʌsʌko ʌrko prʌmukʰ karʌɳ jo ɦo ki ʌɦile sʌɦʌri kset̪rʌka bʌtstsaɦʌrulai utsit̪ tsikit̪sa suwid̪ʱaɦʌrusʌ̃gʌi dzʌnmʌd̪ekʰi nʌi pʌusʈik kʰana kʰãd̪a uniɦʌruko saririk bikas tsʰiʈo ɦun dzantsʰ
अहिले अनलाइनमा खरिद र बिक्री भएपछि ट्रेडको म्याचिङ हुन्छ सेयर ट्रान्सफर गर्ने ईडीआईएस ब्रोकरले चलाए पनि कुनै कारोबार बैंकसँग इन्ट्रिग्रेसन हुन सकेको छैन	ʌɦile ʌnʌlainʌma kʰʌrid̪ rʌ bikri bʱʌepʌtsʰi ʈreɖʌko mjatsiŋ ɦuntsʰ sejʌr ʈransʌpʰʌr gʌrne iɖiaies brokʌrʌle tsʌlae pʌni kunʌi karobar bʌinkʌsʌ̃g inʈrigresʌn ɦun sʌkeko tsʰʌinʌ
राष्ट्रिय विपद् जोखिम न्यूनीकरण तथा व्यवस्थापन प्राधिकरणले डढेलो धेरैजसो मानवीय कारणले फैलिने गरेको भन्दै सचेत हुन आह्वान गरेको छ	rasʈrij wipʌd̪ dzokʰim njunikʌrʌɳ t̪ʌt̪ʰa wjʌwʌst̪ʰapʌn prad̪ʱikʌrʌɳʌle ɖʌɖʱelo d̪ʱerʌidzʌso manʌwij karʌɳʌle pʰʌiline gʌreko bʱʌnd̪ʌi sʌtset̪ ɦun aɦwan gʌreko tsʰʌ
गरिब विद्यार्थीहरूका लागि शैक्षिक ऋण छात्रवृत्तिको बन्दोबस्तले कुनै पनि विद्यार्थी गरिबीको कारण उच्च शिक्षाबाट वञ्चित हुन नपर्ने ठाउँ हो भक्तपुर	gʌrib wid̪jart̪ʰiɦʌruka lagi sʌiksik riɳ tsʰat̪rʌwrit̪t̪iko bʌnd̪obʌst̪ʌle kunʌi pʌni wid̪jart̪ʰi gʌribiko karʌɳ utsts siksabaʈʌ wʌntsit̪ ɦun nʌpʌrne ʈʰaũ ɦo bʱʌkt̪ʌpur
खेत जोत्न दाञीँ राख्न गोरुको सट्टा ट्याक्टरको प्रयोग हुन थालेका छन्	kʰet̪ dzot̪n d̪anĩ rakʰn goruko sʌʈʈa ʈjakʈʌrʌko prʌjog ɦunʌ t̪ʰaleka tsʰʌn
तर खरवमा काम खराव मात्रै रोज्न सकिने अवस्थामा ओलिको बिकल्प को हुन सक्छ भनेर ओलिको बिकल्प खोज्नेले राम्रै सोच्नु पर्छ	t̪ʌr kʰʌrʌwʌma kam kʰʌraw mat̪rʌi rodzn sʌkine ʌwʌst̪ʰama oliko bikʌlp ko ɦunʌ sʌktsʰ bʱʌner oliko bikʌlp kʰodznele ramrʌi sotsnu pʌrtsʰ
शृङ्खलाबद्ध रुपमा तीन महिलाको हत्या गर्ने लेडी किलर को पहिचान हुन सकेन	sriŋkʰʌlabʌd̪d̪ʱ rupʌma t̪in mʌɦilako ɦʌt̪ja gʌrne leɖi kilʌr ko pʌɦitsan ɦunʌ sʌkenʌ
त्यहाँको किरात संघ पनि पुगेँ तर प्यिँउल्वीँको मजोपी गाउँ घर भएका मालाका भाइ सरन लिम्बूसँग भेट हुन सकेन	t̪jʌɦãko kirat̪ sʌngʱ pʌni pugẽ t̪ʌr pjĩulwĩko mʌdzopi gaũ gʱʌr bʱʌeka malaka bʱai sʌrʌn limbusʌ̃g bʱeʈ ɦunʌ sʌkenʌ
सायद सोही कारण हुन सक्छ यो वर्ष कागबेनीमा पितृको सम्झनामा तर्पण तथा श्राद्ध गर्न आउने मानिसको संख्यामा समेत उल्लेख्य कमी आएको छ	sajʌd̪ soɦi karʌɳ ɦunʌ sʌktsʰ jo wʌrs kagʌbenima pit̪riko sʌmdzʱʌnama t̪ʌrpʌɳ t̪ʌt̪ʰa srad̪d̪ʱ gʌrnʌ aune manisʌko sʌnkʰjama sʌmet̪ ullekʰj kʌmi aeko tsʰʌ
विकासको गतिमा तीव्र गतिशील दुई मुलुकको बीचमा बसेर पनि हाम्राँै पछौटेपन अन्त्य हुन सकेन भने हाम्रा लागि पनि यो लाजको विषय हो	bikasʌko gʌt̪ima t̪iwr gʌt̪isil d̪ui mulukʌko bitsʌma bʌser pʌni ɦamrʌ̃u pʌtsʰʌuʈepʌn ʌnt̪j ɦunʌ sʌkenʌ bʱʌne ɦamra lagi pʌni jo ladzʌko wisʌj ɦo
क उत्तरआधुनिकताले अनेक दर्शन चिन्तनको आवरणमा प्रवेश गरेपछि मात्र अर्थ दिने हुनाले र यसको अतिव्याप्तिले यो दुज्र्ञेय लागेको हुन सक्छ	kʌ ut̪t̪ʌrʌad̪ʱunikʌt̪ale ʌnek d̪ʌrsʌn tsint̪ʌnʌko awʌrʌɳʌma prʌwes gʌrepʌtsʰi mat̪r ʌrt̪ʰ d̪ine ɦunale rʌ jʌsʌko ʌt̪iwjapt̪ile jo d̪udzrnej lageko ɦunʌ sʌktsʰ
मिडिल्रोल एसीटेट पाउडर गुर्दे द्वारा पर्याप्त रूपमा उत्तेजित हुन्छ र यस औषधिमा विषाक्त प्रतिक्रियाहरूको जोखिमले बिरामीको गुर्दे समारोहमा रोगीहरूमा अधिक हुन सक्छ	miɖilrol esiʈeʈ pauɖʌr gurd̪e d̪wara pʌrjapt̪ rupʌma ut̪t̪edzit̪ ɦuntsʰ rʌ jʌs ʌusʌd̪ʱima wisakt̪ prʌt̪ikrijaɦʌruko dzokʰimʌle biramiko gurd̪e sʌmaroɦʌma rogiɦʌruma ʌd̪ʱik ɦunʌ sʌktsʰ
पत्रूसले येशूले कैदमा परेका आत्माहरुलाई के प्रचार गर्नुभयो भनी भन्दैन तर यो उद्धार सन्देश पनि हुन सकदैन कारण स्वर्गदूतहरको उद्धार हुन सक्दैन हिब्रू २ १६	pʌt̪rusʌle jesule kʌid̪ʌma pʌreka at̪maɦʌrulai ke prʌtsar gʌrnubʱʌjo bʱʌni bʱʌnd̪ʌinʌ t̪ʌr jo ud̪d̪ʱar sʌnd̪es pʌni ɦun sʌkʌd̪ʌinʌ karʌɳ swʌrgʌd̪ut̪ʌɦʌrʌko ud̪d̪ʱar ɦun sʌkd̪ʌinʌ ɦibd̪ui rupʌijã soɦr
बुढोपनको कारण मात्र होइन व्रेस्टफीडिङ र गलत तरिकाले प्रयोग गर्दा पनि व्रा लुज हुन सक्छ	buɖʱopʌnʌko karʌɳ mat̪r ɦoin wresʈʌpʰiɖiŋ rʌ gʌlʌt̪ t̪ʌrikale prʌjog gʌrd̪a pʌni wra ludz ɦun sʌktsʰ
बच्चामा निरन्तर रगतको कमीका कारण भ्रुण विकसित हुन पाउँदैन जसका कारण भ्रूणलाई बाहिर निकाल्ने कुनै तरिका हुँदैन	bʌtstsama nirʌnt̪ʌr rʌgʌt̪ʌko kʌmika karʌɳ bʱruɳ wiksit̪ʌ ɦun paũd̪ʌinʌ dzʌsʌka karʌɳ bʱruɳʌlai baɦir nikalne kunʌi t̪ʌrika ɦũd̪ʌinʌ
गौतम वज्र वज्राचार्य एक नेपाली संस्कृतवादी र विद्वान हुन् जो भारतीय उपमहाद्वीपको आइकनोग्राफी बारेमा विशेषज्ञ हुन्	gʌut̪ʌm wʌdzr wʌdzratsarj ek nepali sʌnskrit̪ʌwad̪i rʌ wid̪wan ɦun dzo bʱarʌt̪ij upʌmʌɦad̪wipʌko aikʌnograpʰi barema wisesʌdzn ɦun
खासमा सन् १९४८ को अरब इजरेल युद्धका कारण विस्थापित हुन पुगेका हजारौँ प्यालेस्टिनीहरूको रेखदेख गर्न अन्राको स्थापना गरिएको थियो	kʰasʌma sʌn ek ɦʌdzar nʌu sʌj ʌʈʰʌtsalis ko ʌrʌb idzʌrel jud̪d̪ʱʌka karʌɳ wist̪ʰapit̪ ɦun pugeka ɦʌdzarʌ̃u pjalesʈiniɦʌruko rekʰʌd̪ekʰ gʌrnʌ ʌnrako st̪ʰapʌna gʌrieko t̪ʰijo
अनि धम्की ती खवरदारी गर्नेहरूलाई सामाजिक सञ्जाल ट्विटरमा प्रधानमनत्री ओलीलाई मेन्सन गर्दै शुक्रबार नेता थापाले लेखेका छन् जो चोर उसैको ठूलो स्वर	ʌni d̪ʱʌmki t̪i kʰʌwʌrʌd̪ari gʌrneɦʌrulai samadzik sʌndzal ʈwiʈʌrʌma prʌd̪ʱanʌmʌnʌt̪ri olilai mensʌn gʌrd̪ʌi sukrʌbar net̪a t̪ʰapale lekʰeka tsʰʌn dzo tsor usʌiko ʈʰulo swʌr
बालेन्द्रले मंगलबार राति सामाजिक सञ्जाल फेसबुकमा आक्रोश पोख्दै लेखेका छन् नयाँ पुरानो सबै नेताहरु चोर हुन् कसैलाई देशको माया छैन	balend̪rʌle mʌngʌlʌbar rat̪i samadzik sʌndzal pʰesʌbukʌma akros pokʰd̪ʌi lekʰeka tsʰʌn nʌjã purano sʌbʌi net̪aɦʌru tsor ɦun kʌsʌilai d̪esʌko maja tsʰʌinʌ
जिङरिङ्ग परेको कपाल राताराता आँखा च्यातिएको मैलो कपडा बूढी औंला निस्किएको जुत्ता लगाएका उनले केहीबेरपछि चोर औंला ठडाउँदै ल सोध तिम्रो एक कप चियाको मूल्य चुकाउछु भने	dziŋʌriŋg pʌreko kʌpal rat̪arat̪a ãkʰa tsjat̪ieko mʌilo kʌpʌɖa buɖʱi ʌunla niskieko dzut̪t̪a lʌgaeka unʌle keɦiberʌpʌtsʰi tsor ʌunla ʈʰʌɖaũd̪ʌi lʌ sod̪ʱ t̪imro ek kʌp tsijako mulj tsukautsʰu bʱʌne
बोली भुइँमा झर्न नपाउँदै शेर्मा गाउँकै अर्का प्वाक्क बोल्छन् है न नि सुनुहाङ टोक्छु पो म त चेम्जोङ गाउँका भन्छन् अब अरू चोर्ने पो चोर छोरी चार्ने त ज्वाइँ हो नि आदाङबासे	boli bʱuĩma dzʱʌrn nʌpaũd̪ʌi serma gaũkʌi ʌrka pwakk boltsʰʌn ɦʌi nʌ ni sunuɦaŋ ʈoktsʰu po mʌ t̪ʌ tsemdzoŋ gaũka bʱʌntsʰʌn ʌbʌ ʌru tsorne po tsor tsʰori tsarne t̪ʌ dzwaĩ ɦo ni ad̪aŋʌbase
अरुबेला सोझो शान्त गाउँले ठिटो आफूलाई चोर दोष लगाउँदा बाघ जसरी गर्जिने र बाबुलाई कसैले चोर भन्दा त सिंहजसरी नै झम्टिने मान्छे ऊ	ʌrubela sodzʱo sant̪ gaũle ʈʰiʈo apʰulai tsor d̪os lʌgaũd̪a bagʱ dzʌsʌri gʌrdzine rʌ babulai kʌsʌile tsor bʱʌnd̪a t̪ʌ sinɦʌdzʌsʌri nʌi dzʱʌmʈine mantsʰe u
गाउँघर तथा बजार क्षेत्रमा यसअघिदेखि नै मागेर खाँदै हिँड्ने मानिसलाई समेत अहिले हल्लाकै भरमा बच्चा चोर को आरोप लगाई कुटपिट गरेर प्रहरीलाई बुझाउने क्रम बढ्दो छ	gaũgʱʌr t̪ʌt̪ʰa bʌdzar kset̪rʌma jʌsʌʌgʱid̪ekʰi nʌi mager kʰãd̪ʌi ɦĩɖne manisʌlai sʌmet̪ ʌɦile ɦʌllakʌi bʱʌrʌma bʌtstsa tsor ko arop lʌgai kuʈʌpiʈ gʌrer prʌɦʌrilai budzʱaune krʌm bʌɖʱd̪o tsʰʌ
मृतकले गुलाबी रङको कुर्ता सुरूवाल घाँटीमा गुलाबी रङको दोपट्टा घाँटीमा पहेँलो धातुको जस्तो सिक्री कानमा पहेँलो धातुको रिङ र रातो रङको टप चोर औंलामा रातो रङको औंठी लगाएकी थिइन्	mrit̪ʌkʌle gulabi rʌŋʌko kurt̪a suruwal gʱãʈima gulabi rʌŋʌko d̪opʌʈʈa gʱãʈima pʌɦẽlo d̪ʱat̪uko dzʌst̪o sikri kanʌma pʌɦẽlo d̪ʱat̪uko riŋ rʌ rat̪o rʌŋʌko ʈʌp tsor ʌunlama rat̪o rʌŋʌko ʌunʈʰi lʌgaeki t̪ʰiin
यद्यपि आसपास चोर पुलिस कपर्दी चेसजस्ता शारीरिक एवं बौद्धिक दुवै किसिमका खेलले बालबालिकाको विकासमा मद्दत गर्छन्	jʌd̪jʌpi asʌpas tsor pulis kʌpʌrd̪i tsesʌdzʌst̪a saririk ewʌn bʌud̪d̪ʱik d̪uwʌi kisimʌka kʰelʌle balʌbalikako bikasʌma mʌd̪d̪ʌt̪ gʌrtsʰʌn
तर उसले गीत स्वरले मात्र गाएन दुवै हातका बूढी चोर र कान्छी औंला तेस्र्याउँदै र बीचका बाँकी दुई औँला खुम्च्याएर निकै मजाले हिपहप स्टाइलले हात पनि हल्लायो	t̪ʌr usʌle git̪ swʌrʌle mat̪r gaenʌ d̪uwʌi ɦat̪ʌka buɖʱi tsor rʌ kantsʰi ʌunla t̪esrjaũd̪ʌi rʌ bitsʌka bãki d̪ui ʌ̃ula kʰumtsjaerʌ nikʌi mʌdzale ɦipʌɦʌp sʈailʌle ɦat̪ pʌni ɦʌllajo
ठूल ठूला गुण्डा तस्कर घर जग्गाका खुँखार व्यापारी ठूल ठूला ठेकेदार कालाबजारिया कर चोर वा भ्याटमारा भ्रष्टाचारी र अपराधीलाई कम्युनिष्ट र माओवादी को नाम दिइएको छ	ʈʰul ʈʰula guɳɖa t̪ʌskʌr gʱʌr dzʌggaka kʰũkʰar wjapari ʈʰul ʈʰula ʈʰeked̪ar kalabʌdzarija kʌr tsor wa bʱjaʈʌmara bʱrʌsʈatsari rʌ ʌpʌrad̪ʱilai kʌmjunisʈ rʌ maowad̪i ko nam d̪iieko tsʰʌ
बरु अमेरिका नै विश्वकै सबैभन्दा ठुलो ह्याकिङ साम्राज्य र वैश्विक साइबर चोर भएको आरोप चीनको थियो	bʌru ʌmerika nʌi wiswʌkʌi sʌbʌibʱʌnd̪a ʈʰulo ɦjakiŋ samradzj rʌ wʌiswik saibʌr tsor bʱʌeko arop tsinʌko t̪ʰijo
सडकमा उत्रिँदा आर्यघाटले के भन्छ फलानोलाई ले भन्छ फलानो चोर देश छोड अघि बढ फलानो ज्यान दिन तयार छौं जस्ता नारा र पुत्ला दहनले उनीहरुलाई खुइल्याइसक्छ	sʌɖʌkʌma ut̪rĩd̪a arjʌgʱaʈʌle ke bʱʌntsʰ pʰʌlanolai le bʱʌntsʰ pʰʌlano tsor d̪es tsʰoɖ ʌgʱi bʌɖʱ pʰʌlano dzjan d̪inʌ t̪ʌjar tsʰʌun dzʌst̪a nara rʌ put̪la d̪ʌɦʌnʌle uniɦʌrulai kʰuiljaisʌktsʰ
त्यसैले खुला नाकामार्फत् वा चोर रुटबाट मान्छे प्रवेश गर्न नदिनु र नाकामा अलपत्र नेपालीलाई सुरक्षित रुपमा देश भित्र्याउने चुनौती उनी सामु थियो	t̪jʌsʌile kʰula nakamarpʰʌt̪ wa tsor ruʈbaʈʌ mantsʰe prʌwes gʌrnʌ nʌd̪inu rʌ nakama ʌlʌpʌt̪r nepalilai surʌksit̪ rupʌma d̪es bʱit̪rjaune tsunʌut̪i uni samu t̪ʰijo
हामी चोरीलाई सत्कर्म पौरख र गौरव मानिने त्यस्तो समाजमा बाँचेका छौँ जहाँ जो जति ठूलो चोर हो उसको उति नै धेरै सम्मान र प्रतिष्ठा हुन्छ	ɦami tsorilai sʌt̪kʌrm pʌurʌkʰ rʌ gʌurʌw manine t̪jʌst̪o sʌmadzʌma bãtseka tsʰʌ̃u dzʌɦã dzo dzʌt̪i ʈʰulo tsor ɦo usʌko ut̪i nʌi d̪ʱerʌi sʌmman rʌ prʌt̪isʈʰa ɦuntsʰ
चोर डाँकाहरुले महंगो ब्राण्डका सामानहरु प्रयोग गर्दैमा उनीहरुको व्यक्तित्व उचो हुने होईन	tsor ɖãkaɦʌrule mʌɦʌngo braɳɖʌka samanʌɦʌru prʌjog gʌrd̪ʌima uniɦʌruko wjʌkt̪it̪w utso ɦune ɦoin
म चोर औँला र बुढी औँलाले च्यापेर घाँटीको छाला बाहिरतिर तान्थेँ	mʌ tsor ʌ̃ula rʌ buɖʱi ʌ̃ulale tsjaper gʱãʈiko tsʰala baɦirʌt̪ir t̪ant̪ʰẽ
फेसबुक हाम्रो डेटा बेच्न रोक् क्याम्ब्रिज एनालिटिका डेटा चोर जस्ता पम्प्लेटहरू लिएर उनीहरूले भौतिक रुपमा नै विरोध प्रदर्शन गरेका थिए	pʰesʌbuk ɦamro ɖeʈa betsn rok kjambridz enaliʈika ɖeʈa tsor dzʌst̪a pʌmpleʈʌɦʌru lierʌ uniɦʌrule bʱʌut̪ik rupʌma nʌi wirod̪ʱ prʌd̪ʌrsʌn gʌreka t̪ʰie
जहाँसम्म विभिन्न शक्तिले हस्तक्षेप गर्ने खेल्ने भन्ने विषय छ यस विषयमा मेरो दृढ मान्यता छ आफ्नो थैली दह्रो राख अरुलाई चोर दोष नलगाऊ	dzʌɦãsʌmm bibʱinn sʌkt̪ile ɦʌst̪ʌksep gʌrne kʰelne bʱʌnne wisʌj tsʰʌ jʌs wisʌjʌma mero d̪riɖʱ manjʌt̪a tsʰʌ apʰno t̪ʰʌili d̪ʌɦro rakʰ ʌrulai tsor d̪os nʌlʌgau
छेउका उनै जानिफकारलाई सोधेँ खै देश सुब्बा माथि चोर औँलाले माथि संकेत गर्दै मिस्टर ब्रोले भने	tsʰeuka unʌi dzanipʰʌkarʌlai sod̪ʱẽ kʰʌi d̪es subba mat̪ʰi tsor ʌ̃ulale mat̪ʰi sʌnket̪ gʌrd̪ʌi misʈʌr brole bʱʌne
अतः धैर्य गर्ने बानीको विकास गरौं छोटो र चोर बाटो नरोजौं आफ्नो द्वैधचरित्रलाई सुधारौं कामजस्तो कुरा र कुराजस्तो काम गरौं	ʌt̪ʌɦ d̪ʱʌirj gʌrne baniko bikas gʌrʌun tsʰoʈo rʌ tsor baʈo nʌrodzʌun apʰno d̪wʌid̪ʱʌtsʌrit̪rʌlai sud̪ʱarʌun kamʌdzʌst̪o kura rʌ kuradzʌst̪o kam gʌrʌun
यस्ता व्यवसायी चोरहरुलाई तँ चोर होस भनेर दोष लगाउँदा खासै आपत्ति पर्दैन	jʌst̪a wjʌwʌsaji tsorʌɦʌrulai t̪ʌ̃ tsor ɦos bʱʌner d̪os lʌgaũd̪a kʰasʌi apʌt̪t̪i pʌrd̪ʌinʌ
अन्धोयुग सरकारी निरीक्षक खैराती मास्टर चरणदास चोर जस्ता नाटकमा देखिएका यिनले पाँच रुपियाँ बिगौती त खाने खाने र आइडिया निर्देशन पनि गर्न भ्याएका छन्	ʌnd̪ʱojug sʌrʌkari niriksʌk kʰʌirat̪i masʈʌr tsʌrʌɳʌd̪as tsor dzʌst̪a naʈʌkʌma d̪ekʰieka jinʌle pãts rupijã bigʌut̪i t̪ʌ kʰane kʰane rʌ aiɖija nird̪esʌn pʌni gʌrnʌ bʱjaeka tsʰʌn
कुसुम भट्टराई एउटा व्यावसायिक पत्रकारलाई चोर डाँकालाई झैँ घरबाटै हतकडी लगाएर पक्राउ गर्नेजस्तो हर्कत पत्रकार नै नुवाकोट	kusum bʱʌʈʈʌrai euʈa wjawʌsajik pʌt̪rʌkarʌlai tsor ɖãkalai dzʱʌ̃i gʱʌrʌbaʈʌi ɦʌt̪ʌkʌɖi lʌgaerʌ pʌkrau gʌrnedzʌst̪o ɦʌrkʌt̪ pʌt̪rʌkar nʌi nuwakoʈ
मलाई ढोङ्गी चोर चरित्रहीन स्त्रीलम्पट फुँडो भनिरहेका थिए ती मान्छे	mʌlai ɖʱoŋgi tsor tsʌrit̪rʌɦin st̪rilʌmpʌʈ pʰũɖo bʱʌnirʌɦeka t̪ʰie t̪i mantsʰe
शशि कपूर जो पहिले सच झूठा १९७० मा उनी संग काम गर्न अस्वीकार गरेका थिए अब उनी चोर मचाए शोर ११९७४ मा उनको नायिका बन्न चाहन्थे	sʌsi kʌpur dzo pʌɦile sʌts dzʱuʈʰa ek ɦʌdzar nʌu sʌj sʌt̪t̪ʌri ma uni sʌng kam gʌrnʌ ʌswikar gʌreka t̪ʰie ʌbʌ uni tsor mʌtsae sor egʱar ɦʌdzar nʌu sʌj tsʌuɦʌt̪t̪ʌr ma unʌko najika bʌnn tsaɦʌnt̪ʰe
नयाँ प्रजातिको संक्रमण देखिएसँगै कुवेतले कडा स्वास्थ्य सावधानी अपनाउन आग्रह गर्दै विशेष गरी मास्क लगाउने हात धुने र भेलाबाट टाढा रहन अनुरोध गरेको छ	nʌjã prʌdzat̪iko sʌnkrʌmʌɳ d̪ekʰiesʌ̃gʌi kuwet̪ʌle kʌɖa swast̪ʰj sawʌd̪ʱani ʌpʌnaun agrʌɦ gʌrd̪ʌi wises gʌri mask lʌgaune ɦat̪ d̪ʱune rʌ bʱelabaʈʌ ʈaɖʱa rʌɦʌnʌ ʌnurod̪ʱ gʌreko tsʰʌ
यस्तो गर्न सकिएमात्र उसै अस्वस्थताले पीडित बिरामी पूर्जी लेखन र औषधि वितरणमा संलग्न स्वास्थ्यकर्मीको नाफामुखी धन्दाबाट सुरक्षित रहन सक्छन्	jʌst̪o gʌrnʌ sʌkiemat̪r usʌi ʌswʌst̪ʰʌt̪ale piɖit̪ birami purdzi lekʰʌn rʌ ʌusʌd̪ʱi wit̪ʌrʌɳʌma sʌnlʌgn swast̪ʰjʌkʌrmiko napʰamukʰi d̪ʱʌnd̪abaʈʌ surʌksit̪ rʌɦʌnʌ sʌktsʰʌn
यही वर्ष दक्षिण भारतीय तथा बलिउड फिल्म जगतकी सर्वाधिक चर्चित एवं महँगी अभिनेत्री सामन्था रुथले फिल्मबाट लामो समय टाढा रहने घोषणा गरीन्	jʌɦi wʌrs d̪ʌksiɳ bʱarʌt̪ij t̪ʌt̪ʰa bʌliuɖ pʰilm dzʌgʌt̪ʌki sʌrwad̪ʱik tsʌrtsit̪ ewʌn mʌɦʌ̃gi ʌbʱinet̪ri samʌnt̪ʰa rut̪ʰʌle pʰilmbaʈʌ lamo sʌmʌj ʈaɖʱa rʌɦʌne gʱosʌɳa gʌrin
झापाको चन्द्रगढीमा पत्रकारहरु कुरा गर्दै उनले काँग्रेसको १४औँ महाधिवेशनमा आफ्नो तेस्रो वैचारिक धारको अलग्गै टिम कायम रहने स्पष्ट पारे	dzʱapako tsʌnd̪rʌgʌɖʱima pʌt̪rʌkarʌɦʌru kura gʌrd̪ʌi unʌle kãgresʌko tsʌud̪ʱʌʌ̃u mʌɦad̪ʱiwesʌnʌma apʰno t̪esro wʌitsarik d̪ʱarʌko ʌlʌggʌi ʈim kajʌm rʌɦʌne spʌsʈ pare
नेपालमा सानो भूगोलमा अटाएको विभिन्न संस्कृति र रहनसहन तथा समाजिक सद्भावले सैद्धान्तिक बुझाइलाई धेरै फराकिलो पारेको एक विद्यार्थी सेखाइना रोल्यान्डले बताइन्	nepalʌma sano bʱugolʌma ʌʈaeko bibʱinn sʌnskrit̪i rʌ rʌɦʌnʌsʌɦʌn t̪ʌt̪ʰa sʌmadzik sʌd̪bʱawʌle sʌid̪d̪ʱant̪ik budzʱailai d̪ʱerʌi pʰʌrakilo pareko ek wid̪jart̪ʰi sekʰaina roljanɖʌle bʌt̪ain
जीवनको उत्तराद्र्धमा कहालिलाग्दो जीवन भोगेका उनी आखिर श्रीकृष्ण रहेछ एकको निष्कर्षमा मात्र पुगेनन् कि बाँच्नुको पीडा सहन गर्न नसकेर मृत्युको भीख माग्थे	dziwʌnʌko ut̪t̪ʌrad̪rd̪ʱʌma kʌɦalilagd̪o dziwʌn bʱogeka uni akʰir srikrisɳ rʌɦetsʰ ekʌko niskʌrsʌma mat̪r pugenʌn ki bãtsnuko piɖa sʌɦʌnʌ gʌrnʌ nʌsʌker mrit̪juko bʱikʰ magt̪ʰe
अभिनेत्री केकी अधिकारीले शुक्रवार नै सामाजिक सञ्जाल फेसबुक मार्फत् ७ मिनेटको भिडियो सार्वजनीक गर्दै उच्च जाखिममा नेपाल पनि रहेको र सजग रहन आग्रह गरिन्	ʌbʱinet̪ri keki ʌd̪ʱikarile sukrʌwar nʌi samadzik sʌndzal pʰesʌbuk marpʰʌt̪ sat̪ mineʈʌko bʱiɖijo sarwʌdzʌnik gʌrd̪ʌi utsts dzakʰimʌma nepal pʌni rʌɦeko rʌ sʌdzʌg rʌɦʌnʌ agrʌɦ gʌrin
जीवनको उत्तराद्र्धमा कहालिलाग्दो जीवन भोगेका उनी आखिर श्रीकृष्ण रहेछ एकको निश्कर्षमा मात्र पुगेनन् कि बाँच्नुको पीडा सहन गर्न नसकेर मृत्युको भीख माग्थे	dziwʌnʌko ut̪t̪ʌrad̪rd̪ʱʌma kʌɦalilagd̪o dziwʌn bʱogeka uni akʰir srikrisɳ rʌɦetsʰ ekʌko niskʌrsʌma mat̪r pugenʌn ki bãtsnuko piɖa sʌɦʌnʌ gʌrnʌ nʌsʌker mrit̪juko bʱikʰ magt̪ʰe
जीवनको उत्तरार्द्धमा कहालीलाग्दो जीवन भोगेका उनी आखिर श्रीकृष्ण रहेछन् एकको निष्कर्षमा मात्र पुगेनन् कि बाँच्नुको पीडा सहन गर्न नसकेर मृत्युको भीख माग्थे	dziwʌnʌko ut̪t̪ʌrad̪d̪ʱʌma kʌɦalilagd̪o dziwʌn bʱogeka uni akʰir srikrisɳ rʌɦetsʰʌn ekʌko niskʌrsʌma mat̪r pugenʌn ki bãtsnuko piɖa sʌɦʌnʌ gʌrnʌ nʌsʌker mrit̪juko bʱikʰ magt̪ʰe
महाशाखाका वरिष्ठ मौसमविद् वरुण पौडेलले जाडो मौसम शुरु भएसँगै चिसो बढ्दै गएकोले यसबाट बच्न सतर्क रहनुपर्ने बताएका हुन्र	mʌɦasakʰaka wʌrisʈʰ mʌusʌmʌwid̪ wʌruɳ pʌuɖelʌle dzaɖo mʌusʌm suru bʱʌesʌ̃gʌi tsiso bʌɖʱd̪ʌi gʌekole jʌsbaʈʌ bʌtsn sʌt̪ʌrk rʌɦʌnupʌrne bʌt̪aeka ɦunr
पसल चलाउनलाई पनि धैर्य चाहिँदो रहेछ नचलाऊँ भने कसरी पढाउनु यी केटाकेटीहरूलाई के गरी टार्नु बिहान बेलुकाको छाक बाध्य छु मान्छेहरूको वचन सहन	pʌsʌl tsʌlaunʌlai pʌni d̪ʱʌirj tsaɦĩd̪o rʌɦetsʰ nʌtsʌlaũ bʱʌne kʌsʌri pʌɖʱaunu ji keʈakeʈiɦʌrulai ke gʌri ʈarnu biɦanʌ belukako tsʰak bad̪ʱj tsʰu mantsʰeɦʌruko wʌtsʌn sʌɦʌnʌ
प्युरिन बढी भएका खानेकुरा रातो मासु बट्टामा प्याक भएको पेय पदार्थ सामुन्द्रिक माछा नुन र चिनी बढी प्रयोग भएका जंकफुडबाट सकेसम्म टाढा रहनुपर्छ	pjurin bʌɖʱi bʱʌeka kʰanekura rat̪o masu bʌʈʈama pjak bʱʌeko pej pʌd̪art̪ʰ samund̪rik matsʰa nun rʌ tsini bʌɖʱi prʌjog bʱʌeka dzʌnkʌpʰuɖbaʈʌ sʌkesʌmm ʈaɖʱa rʌɦʌnupʌrtsʰ
कालीकोटमा पुग्दा हामीले कालीकोटे दाई कति राम्रो ढाका टोपी काँधैमा गलबन्दी गीत गायौं र त्यहाँको मानिसहरुको भेषभूषा भाषा रहनसहन राम्रोसँग अवलोकन गर्ने मौका पायौं	kalikoʈʌma pugd̪a ɦamile kalikoʈe d̪ai kʌt̪i ramro ɖʱaka ʈopi kãd̪ʱʌima gʌlʌbʌnd̪i git̪ gajʌun rʌ t̪jʌɦãko manisʌɦʌruko bʱesʌbʱusa bʱasa rʌɦʌnʌsʌɦʌn ramrosʌ̃g ʌwʌlokʌn gʌrne mʌuka pajʌun
जब लट्ठीको प्रहार सहन नसकेर हामी चिच्याउँथ्यौँ हाम्रो आवाज थुन्न उनीहरूले हाम्रा मुखमा हिलो कोचे	dzʌbʌ lʌʈʈʰiko prʌɦar sʌɦʌnʌ nʌsʌker ɦami tsitsjaũt̪ʰjʌ̃u ɦamro awadz t̪ʰunn uniɦʌrule ɦamra mukʰʌma ɦilo kotse
काठमाडौँ सहरमै आफ्नो प्रेमीले दिएको पीडा र मानसिक यातना सहन नसकेर पुष्पा न्यौपानेले आफ्नो शरीरमा पेट्रोल छर्केर आत्मदाह गरिन् काठमाडौँ २३ मंसिर	kaʈʰʌmaɖʌ̃u sʌɦʌrʌmʌi apʰno premile d̪ieko piɖa rʌ manʌsik jat̪ʌna sʌɦʌnʌ nʌsʌker puspa njʌupanele apʰno sʌrirʌma peʈrol tsʰʌrker at̪mʌd̪aɦ gʌrin kaʈʰʌmaɖʌ̃u t̪eis mʌnsir
त्यसैले राम्रो र आरामदायी निद्राको लागि तनावबाट टाढा रहनुहोस् सुत्नेबित्तिकै ल्यापटप मोबाइल वा टिभी नहेर्नुहोस्	t̪jʌsʌile ramro rʌ aramʌd̪aji nid̪rako lagi t̪ʌnawbaʈʌ ʈaɖʱa rʌɦʌnuɦos sut̪nebit̪t̪ikʌi ljapʌʈʌp mobail wa ʈibʱi nʌɦernuɦos
संवैधानिक परिषद्को निर्णय अदालतमा विचाराधीन रहँदासम्म सत्तारुढ गठबन्धन र प्रतिपक्षी एमालेबीच तनाव कायम रहने उनको आकलन अस्वाभाविक छैन	sʌnwʌid̪ʱanik pʌrisʌd̪ko nirɳʌj ʌd̪alʌt̪ʌma witsarad̪ʱin rʌɦʌ̃d̪asʌmm sʌt̪t̪aruɖʱ gʌʈʰʌbʌnd̪ʱʌn rʌ prʌt̪ipʌksi emalebits t̪ʌnaw kajʌm rʌɦʌne unʌko akʌlʌn ʌswabʱawik tsʰʌinʌ
उतिबेला राज्य र विद्रोहीबीच च्यापिएर कठोर मानसिक यातना सहनुपरेका हजारौं हजार कर्मचारी र शिक्षकप्रति पनि संवेदनशीलता छैन	ut̪ibela radzj rʌ wid̪roɦibits tsjapierʌ kʌʈʰor manʌsik jat̪ʌna sʌɦʌnupʌreka ɦʌdzarʌun ɦʌdzar kʌrmʌtsari rʌ siksʌkʌprʌt̪i pʌni sʌnwed̪ʌnʌsilʌt̪a tsʰʌinʌ
बालबालिकासँग रमाइला क्रियाकलाप गर्दा दौडँदा उफ्रेर खेल्दा घुमफिर गर्दा बालबालिका तथा बुबाको पनि मोटोपना कम हुने तथा शारीरिक मानसिक स्वस्थता कायम रहन्छ	balʌbalikasʌ̃g rʌmaila krijakʌlap gʌrd̪a d̪ʌuɖʌ̃d̪a upʰrer kʰeld̪a gʱumʌpʰir gʌrd̪a balʌbalika t̪ʌt̪ʰa bubako pʌni moʈopʌna kʌm ɦune t̪ʌt̪ʰa saririk manʌsik swʌst̪ʰʌt̪a kajʌm rʌɦʌntsʰ
विद्यार्थीलाई पाठ्यपुस्तक वा अन्य सामग्री प्रयोग गर्दा त्यसको मुख्य भावार्थ कायम रहने गरी मौलिक भाषामा लेख्न लगाउने प्याराफ्रेज अभ्यासको जरुरी छ	wid̪jart̪ʰilai paʈʰjʌpust̪ʌk wa ʌnj samʌgri prʌjog gʌrd̪a t̪jʌsʌko mukʰj bʱawart̪ʰ kajʌm rʌɦʌne gʌri mʌulik bʱasama lekʰn lʌgaune pjarapʰredz ʌbʱjasʌko dzʌruri tsʰʌ
उहाँकी छोरी इर्मट्रड हुबाचेकले पनि हिमाली फोटोग्राफीमा लागेर हिमाली किसानका जनजीवन रहनसहन बारे फोटो खिच्न थाल्नुभयो	uɦãki tsʰori irmʌʈrʌɖ ɦubatsekʌle pʌni ɦimali pʰoʈograpʰima lager ɦimali kisanʌka dzʌnʌdziwʌn rʌɦʌnʌsʌɦʌn bare pʰoʈo kʰitsn t̪ʰalnubʱʌjo
जाँडरक्सी चुरोट खैनी जस्ता अम्मलबाट सधैँ टाढा रहने आदर्शको नराम्रो साथीसङ्गत छैन	dzãɖʌrʌksi tsuroʈ kʰʌini dzʌst̪a ʌmmʌlbaʈʌ sʌd̪ʱʌ̃i ʈaɖʱa rʌɦʌne ad̪ʌrsʌko nʌramro sat̪ʰisʌŋgʌt̪ tsʰʌinʌ
साथै आम सञ्चार र सामाजिक सञ्जालमा प्रेषित विभिन्न सूचनाले समान भाषा धर्म संस्कृति वेशभूषा खानपिन र रहनसहनका बावजूद राष्ट्रवाद कुनै न कुनै रूपमा देखिन्छ	sat̪ʰʌi am sʌntsar rʌ samadzik sʌndzalʌma presit̪ bibʱinn sutsʌnale sʌman bʱasa d̪ʱʌrm sʌnskrit̪i wesʌbʱusa kʰanʌpin rʌ rʌɦʌnʌsʌɦʌnʌka bawʌdzud̪ rasʈrʌwad̪ kunʌi nʌ kunʌi rupʌma d̪ekʰintsʰ
अमेरिकी सोह्रौं राष्ट्रपति अब्राहम लिंकन नागरिकबीचको आत्मीयता जमिनको टुक्रामा सीमित नभई रहनसहन संविधान र सरकारसँग जोडिने कुरामा विश्वास राख्थे	ʌmeriki soɦrʌun rasʈrʌpʌt̪i ʌbraɦʌm linkʌn nagʌrikʌbitsʌko at̪mijʌt̪a dzʌminʌko ʈukrama simit̪ nʌbʱʌi rʌɦʌnʌsʌɦʌn sʌnwid̪ʱan rʌ sʌrʌkarʌsʌ̃g dzoɖine kurama wiswas rakʰt̪ʰe
ग्यारेन्टी त हैन तर मलाई लाग्दैन कि बीपी र मदन भण्डारीको राजनीतिक जीवन पनि लामो भैदिएको भए उनीहरूलाई प्राप्त श्रद्धाको उचाइ आजकै रूपमा कायम रहन्थ्यो	gjarenʈi t̪ʌ ɦʌin t̪ʌr mʌlai lagd̪ʌinʌ ki bipi rʌ mʌd̪ʌn bʱʌɳɖariko radzʌnit̪ik dziwʌn pʌni lamo bʱʌid̪ieko bʱʌe uniɦʌrulai prapt̪ srʌd̪d̪ʱako utsai adzʌkʌi rupʌma kajʌm rʌɦʌnt̪ʰjo
बंगलादेशी फिल्म निर्देशक तथा फोटोग्राफर सैदुल आलमले दक्षिण एसियाको संस्कृति रहनसहन भूगोल र भेषभूषा साझा भएको बताए	bʌngʌlad̪esi pʰilm nird̪esʌk t̪ʌt̪ʰa pʰoʈograpʰʌr sʌid̪ul alʌmʌle d̪ʌksiɳ esijako sʌnskrit̪i rʌɦʌnʌsʌɦʌn bʱugol rʌ bʱesʌbʱusa sadzʱa bʱʌeko bʌt̪ae
यसो गर्दा प्यंगथाँबाट झिकिएको रातो मच्छिन्द्रनाथ र याकः मिसाको मूर्तिको इतिहास गुठी संस्थानमा सुरक्षित रहने उनले बताए	jʌso gʌrd̪a pjʌngʌt̪ʰãbaʈʌ dzʱikieko rat̪o mʌtstsʰind̪rʌnat̪ʰ rʌ jakʌɦ misako murt̪iko it̪iɦas guʈʰi sʌnst̪ʰanʌma surʌksit̪ rʌɦʌne unʌle bʌt̪ae
ज्ञान लिन विश्वविद्यालय गएजस्तै मान्छेका पीडा बुझ्न तिलाठी कोइलाडी सप्तरी गए हुन्छ एउटा पीडा सहन मान्छेलाई गाह्रो हुन्छ भने दर्जनौं कठोर पीडा भोग्दै थिए उनीहरू	dznan lin wiswʌwid̪jalʌj gʌedzʌst̪ʌi mantsʰeka piɖa budzʱn t̪ilaʈʰi koilaɖi sʌpt̪ʌri gʌe ɦuntsʰ euʈa piɖa sʌɦʌnʌ mantsʰelai gaɦro ɦuntsʰ bʱʌne d̪ʌrdzʌnʌun kʌʈʰor piɖa bʱogd̪ʌi t̪ʰie uniɦʌru
तर त्यहीँको रहनसहनमा भिजिसकेका नेवारलाई लक्ष्मीदासका सन्तानले सिकाएछन् नेवार खोज्दै आए हामी त प्रधान हौं नेवार होइनौं भन्नू है	t̪ʌr t̪jʌɦĩko rʌɦʌnʌsʌɦʌnʌma bʱidzisʌkeka newarʌlai lʌksmid̪asʌka sʌnt̪anʌle sikaetsʰʌn newar kʰodzd̪ʌi ae ɦami t̪ʌ prʌd̪ʱan ɦʌun newar ɦoinʌun bʱʌnnu ɦʌi
चिनियाँ युवा युवतीमाझ दक्षिण कोरियाली गीत संगीत र रहनसहनको प्रभाव आगोझैँ फैलँदै गएको देख्न सकिन्छ	tsinijã juwa juwʌt̪imadzʱ d̪ʌksiɳ korijali git̪ sʌngit̪ rʌ rʌɦʌnʌsʌɦʌnʌko prʌbʱaw agodzʱʌ̃i pʰʌilʌ̃d̪ʌi gʌeko d̪ekʰn sʌkintsʰ
ऐतिहासिक पहिचान कायम रहने गरी सो पाठ्यक्रम निर्माण गरिने तथा आगामी शैक्षिक सत्रदेखि नै स्थानीय पाठ्यक्रमलाई लागू गर्ने गाउँपालिकाको लक्ष्य छ	ʌit̪iɦasik pʌɦitsan kajʌm rʌɦʌne gʌri so paʈʰjʌkrʌm nirmaɳ gʌrine t̪ʌt̪ʰa agami sʌiksik sʌt̪rʌd̪ekʰi nʌi st̪ʰanij paʈʰjʌkrʌmʌlai lagu gʌrne gaũpalikako lʌksj tsʰʌ
कोरोनाभाइरस रोगबाट बच्न अहिलेको अवस्थामा सामाजिक र भौतिक दूरी कायम गर्दै भीडभाडबाट टाढा रहनु आवश्यक छ	koronabʱairʌs rogbaʈʌ bʌtsn ʌɦileko ʌwʌst̪ʰama samadzik rʌ bʱʌut̪ik d̪uri kajʌm gʌrd̪ʌi bʱiɖʌbʱaɖbaʈʌ ʈaɖʱa rʌɦʌnu awʌsjʌk tsʰʌ
यसमा कोरालादेखि त्रिवेणी धामसम्म बग्ने कालीगण्डकी करिडोरबारे आफैँ जन्मेको गाउँ ठाउँ र भाषा संस्कृति रहनसहन मानव सभ्यता र हावापानी खानपानमा आधारित छ	jʌsʌma koralad̪ekʰi t̪riweɳi d̪ʱamʌsʌmm bʌgne kaligʌɳɖʌki kʌriɖorʌbare apʰʌ̃i dzʌnmeko gaũ ʈʰaũ rʌ bʱasa sʌnskrit̪i rʌɦʌnʌsʌɦʌn manʌw sʌbʱjʌt̪a rʌ ɦawapani kʰanʌpanʌma ad̪ʱarit̪ tsʰʌ
मानिसहरूको आलोचना र पहिलो फिल्म नै फ्लप हुँदाको नमीठो अनुभूतिका कारण दुर्गाले फिल्मबाट टाढा रहने निधो गरिन्	manisʌɦʌruko alotsʌna rʌ pʌɦilo pʰilm nʌi pʰlʌp ɦũd̪ako nʌmiʈʰo ʌnubʱut̪ika karʌɳ d̪urgale pʰilmbaʈʌ ʈaɖʱa rʌɦʌne nid̪ʱo gʌrin
गठबन्धनप्रति टिकाटिप्पणी भयो शंका उपशंका भयो हामी गठबन्धन कायम रहन्छ भनेर जाऊँ भोट दिनेलाई निराश नपारौँ भनेर विज्ञप्ति निकालेको होला	gʌʈʰʌbʌnd̪ʱʌnʌprʌt̪i ʈikaʈippʌɳi bʱʌjo sʌnka upʌsʌnka bʱʌjo ɦami gʌʈʰʌbʌnd̪ʱʌn kajʌm rʌɦʌntsʰ bʱʌner dzaũ bʱoʈ d̪inelai niras nʌparʌ̃u bʱʌner widznʌpt̪i nikaleko ɦola
काठमाडौँ सहरमै आफ्नो प्रेमीले दिएको पीडा र मानसिक यातना सहन नसकेर पुष्पा न्यौपानेले आफ्नो शरीरमा पेट्रोल छर्केर आत्मदाह गरिन्	kaʈʰʌmaɖʌ̃u sʌɦʌrʌmʌi apʰno premile d̪ieko piɖa rʌ manʌsik jat̪ʌna sʌɦʌnʌ nʌsʌker puspa njʌupanele apʰno sʌrirʌma peʈrol tsʰʌrker at̪mʌd̪aɦ gʌrin
उनले भने वर्गीय शोषण अन्तर्राष्ट्रिय पूँजीवादीको शोषण छ जबसम्म हामी समाजवादमा पुग्न सक्दैनौँ त्यसबेलासम्म समाजिक विभेद कायम रहन्छ	unʌle bʱʌne wʌrgij sosʌɳ ʌnt̪ʌrrasʈrij pũdziwad̪iko sosʌɳ tsʰʌ dzʌbʌsʌmm ɦami sʌmadzʌwad̪ʌma pugn sʌkd̪ʌinʌ̃u t̪jʌsʌbelasʌmm sʌmadzik wibʱed̪ kajʌm rʌɦʌntsʰ
त्यस्तै नेपालको व्यास गाउँपालिका वडा नम्बर १ मा रहेको टिङ्कर छाङ्रूमा वासोवास गर्ने शौका समुदायको भाषा रहनसहन आदि सबै कुरामा समानता छ	t̪jʌst̪ʌi nepalʌko wjas gaũpalika wʌɖa nʌmbʌr ek ma rʌɦeko ʈiŋkʌr tsʰaŋruma wasowas gʌrne sʌuka sʌmud̪ajʌko bʱasa rʌɦʌnʌsʌɦʌn ad̪i sʌbʌi kurama sʌmanʌt̪a tsʰʌ
भारतीय गुप्तचरी तथा सैन्य क्षेत्रमा उनलाई शान्त र क्रूर तथा सार्वजनिक मञ्चबाट टाढा रहन रुचाउने व्यक्तिका रूपमा चिन्ने गरिन्छ	bʱarʌt̪ij gupt̪ʌtsʌri t̪ʌt̪ʰa sʌinj kset̪rʌma unʌlai sant̪ rʌ krur t̪ʌt̪ʰa sarwʌdzʌnik mʌntsbaʈʌ ʈaɖʱa rʌɦʌnʌ rutsaune wjʌkt̪ika rupʌma tsinne gʌrintsʰ
