word	decision	phonemes
अंश	audio	ʌ̃ s ʌ
अक्सफोर्ड	audio	ʌ k s ʌ pʰ o r ɖ
अगस्ट	loanwords.txt	ʌ g ʌ s ʈ
अगस्त	audio	ʌ g ʌ s t̪
अघिकांश	audio	ʌ gʱ i k ã s ʌ
अङ्गुर	ours	ʌ ŋ g u r
अजय	audio	ʌ dz ʌ j
अटोमोबाइल्स	audio	ʌ ʈ o m o b a i l s
अठचालीस	audio	ʌ ʈʰ ts a l i s
अठतीस	audio	ʌ ʈʰ t̪ i s
अण्डर	audio	ʌ n ɖ ʌ r ʌ
अण्डरग्राउण्ड	audio	ʌ n ɖ ʌ r ʌ g r a u n ɖ
अतिक्रमणमुक्त	audio	ʌ t̪ i k r ʌ m ʌ n m u k t̪ ʌ
अद्वैत	audio	ʌ d̪ w ʌi t̪ ʌ
अधिकांश	audio	ʌ d̪ʱ i k ã s ʌ
अधिकांशको	audio	ʌ d̪ʱ i k ã s ʌ k o
अधिकारमाथि	audio	ʌ d̪ʱ i k a r m a t̪ʰ i
अध्यक्ष	custom	ʌ d̪ ʌ k tsʰ j ʌ
अनलाइन	audio	ʌ n l a i n
अनलाइनखबरसँगको	audio	ʌ n l a i n ʌ kʰ ʌ b ʌ r s ʌ̃ g ʌ k o
अनलाइनबाट	audio	ʌ n l a i n b a ʈ ʌ
अनलाइनमा	audio	ʌ n l a i n m a
अनलाइनमार्फत	audio	ʌ n l a i n ʌ m a r pʰ ʌ t̪
अनायसै	audio	ʌ n a j s ʌi
अनिश्चितकालीन	audio	ʌ n i s ts i t̪ k a l i n
अनुनय	audio	ʌ n u n ʌ j
अनुभवबारे	audio	ʌ n u bʱ ʌ w b a r e
अनुसन्धानका	audio	ʌ n u s ʌ n d̪ʱ a n ʌ k a
अन्ततः	audio	ʌ n t̪ ʌ t̪ ʌ ɦ
अन्तरघुलन	audio	ʌ n t̪ ʌ r gʱ u l ʌ n
अन्तरदेशीय	audio	ʌ n t̪ ʌ r d̪ e s i j ʌ
अन्तरनिकाय	audio	ʌ n t̪ ʌ r n i k a j ʌ
अन्य	ours	ʌ n j ʌ
अपडेट	audio	ʌ p ɖ e ʈ
अपलोड	audio	ʌ p l o ɖ
अभिनय	audio	ʌ bʱ i n ʌ j
अभियोगबारे	audio	ʌ bʱ i j o g b a r e
अमरसिंह	audio	ʌ m ʌ r ʌ s ĩ ɦ
अलार्म	audio	ʌ l a r m
अल्ट्रासाउण्ड	audio	ʌ l ʈ r a s a u n ɖ
अल्पकालीन	audio	ʌ l p ʌ k a l i n ʌ
अवश्य	audio	ʌ w ʌ s j
अवसरबारे	audio	ʌ w ʌ s ʌ r b a r e
अवसरवादमा	audio	ʌ w ʌ s ʌ r w a d̪ m a
अवैध	audio	ʌ w ʌi d̪ʱ ʌ
असमझदारी	audio	ʌ s ʌ m ʌ dzʱ d̪ a r i
अस्ट्रेलियन	audio	ʌ s ʈ r e l i j ʌ n ʌ
अस्पतालपारी	audio	ʌ s p ʌ t̪ a l p a r i
अस्पतालभित्र	audio	ʌ s p ʌ t̪ a l bʱ i t̪ r ʌ
अस्पतालभित्रको	audio	ʌ s p ʌ t̪ a l bʱ i t̪ r ʌ k o
अस्पतालमै	audio	ʌ s p ʌ t̪ a l m ʌi
आइइएलटिएस	audio	a i i e l ʈ i e s
आइन	audio	a i n ʌ
आइरहे	audio	a i r ɦ e
आइरहेका	audio	a i r ɦ e k a
आइरहेको	audio	a i r ɦ e k o
आइस्ड	loanwords.txt	a i s ɖ
आचार्यले	audio	a ts a r j l e
आडमा	audio	a ɖ ʌ m a
आधारभूत	audio	a d̪ʱ a r bʱ u t̪
आधाररेखा	audio	a d̪ʱ a r r e kʰ a
आमनिर्वाचन	audio	a m n i r w a ts ʌ n
आमनिर्वाचनमा	audio	a m n i r w a ts ʌ n m a
आरबीआईमा	audio	a r b i a i m a
आर्थिकरूपमा	audio	a r t̪ʰ i k r u p m a
आलसतालस	audio	a l ʌ s t̪ a l ʌ s
आवश्यकता	audio	a w ʌ s j ʌ k t̪ a
आशय	audio	a s ʌ j
आसपास	audio	a s p a s
आसपासका	audio	a s p a s k a
आसपासटुकुचाको	audio	a s p a s ʌ ʈ u k u ts a k o
आहारविहार	audio	a ɦ a r w i ɦ a r
इकमर्स	audio	i k ʌ m ʌ r s
इकमर्सका	audio	i k ʌ m ʌ r s k a
इकमर्समा	audio	i k ʌ m ʌ r s m a
इकमर्सलाई	audio	i k ʌ m ʌ r s l a i
इकमर्सले	audio	i k ʌ m ʌ r s l e
इकमर्सहरूलाई	audio	i k ʌ m ʌ r s ɦ ʌ r u l a i
इजलास	audio	i dz l a s
इतिहास	rival	i t̪ i ɦ a s
इतिहासकार	rival	i t̪ i ɦ a s k a r
इतिहासमा	rival	i t̪ i ɦ a s m a
इथान	audio	i t̪ʰ a n ʌ
इन्चार्ज	audio	i n ts a r dz
इन्टरटेन्टमेन्ट	audio	i n ʈ ʌ r ʈ e n ʈ ʌ m e n ʈ ʌ
इन्टरनेट	audio	i n ʈ ʌ r n e ʈ
इन्टरनेटको	audio	i n ʈ ʌ r n e ʈ k o
इन्टरनेशनल	audio	i n ʈ ʌ r n e s ʌ n ʌ l
इन्टरनेसनल	audio	i n ʈ ʌ r n e s ʌ n ʌ l
इन्ट्रेस्ट	audio	i n ʈ r e s ʈ
इन्धनयुक्त	audio	i n d̪ʱ ʌ n j u k t̪ ʌ
इभेन्ट	audio	i bʱ e n ʈ
इभेन्ट्स	audio	i bʱ e n ʈ s
इमेलभित्र	audio	i m e l bʱ i t̪ r ʌ
इम्पोर्ट	audio	i m p o r ʈ
इलेक्ट्रिकल	audio	i l e k ʈ r i k ʌ l ʌ
इलेक्ट्रोनिक्स	audio	i l e k ʈ r o n i k s
इलेक्ट्रोनिक्समा	audio	i l e k ʈ r o n i k s m a
उठिरहेका	audio	u ʈʰ i r ɦ e k a
उत्तरदायी	audio	u t̪ t̪ ʌ r d̪ a j i
उत्तरप्रदेश	audio	u t̪ t̪ ʌ r ʌ p r ʌ d̪ e s ʌ
उत्पादनका	audio	u t̪ p a d̪ ʌ n ʌ k a
उत्पादनकै	audio	u t̪ p a d̪ ʌ n k ʌi
उत्पादनमुखी	audio	u t̪ p a d̪ ʌ n m u kʰ i
उत्पादनमूलक	audio	u t̪ p a d̪ ʌ n m u l ʌ k
उदयको	audio	u d̪ ʌ j k o
उदयपुरको	audio	u d̪ ʌ j p u r k o
उदयपुरबाट	audio	u d̪ ʌ j p u r b a ʈ ʌ
उदयपुरमा	audio	u d̪ ʌ j p u r m a
उद्घाटन	audio	u d̪ gʱ a ʈ ʌ n ʌ
उद्घोष	audio	u d̪ gʱ o s ʌ
उद्योगमात्र	audio	u d̪ j o g m a t̪ r ʌ
उद्योगहरू	audio	u d̪ j o g ʌ ɦ ʌ r u
उद्योगहरूमा	audio	u d̪ j o g ʌ ɦ ʌ r u m a
उद्योगहरूले	audio	u d̪ j o g ʌ ɦ ʌ r u l e
उनका	rival	u n k a
उनकै	audio	u n k ʌi
उनको	audio	u n ʌ k o
उनान्सय	audio	u n a n s ʌ j
उन्नयनमा	audio	u n n ʌ j ʌ n ʌ m a
उप	rival	u p ʌ
उपत्यकाबाहिर	audio	u p ʌ t̪ j ʌ k a b a ɦ i r ʌ
उपनगरपालिका	audio	u p ʌ n ʌ g ʌ r p a l i k a
उपभोग	audio	u p bʱ o g
उपहारकै	audio	u p ɦ a r ʌ k ʌi
उपाय	audio	u p a j
उपायको	audio	u p a j k o
उपायबाट	audio	u p a j b a ʈ ʌ
उभिन	audio	u bʱ i n ʌ
उमेर	audio	u m e r
उमेरमा	audio	u m e r m a
उमेश	audio	u m e s ʌ
उम्मेदवार	rival	u m m e d̪ w a r
उम्मेदवारमध्ये	audio	u m m e d̪ w a r ʌ m ʌ d̪ʱ j e
उम्मेदवारमा	audio	u m m e d̪ w a r m a
उम्मेदवारलाई	audio	u m m e d̪ w a r l a i
उम्मेदवारले	audio	u m m e d̪ w a r l e
उम्मेदवारसँग	audio	u m m e d̪ w a r s ʌ̃ g ʌ
उम्मेदवारसमेत	audio	u m m e d̪ w a r ʌ s ʌ m e t̪
उम्मेदवारहरुको	audio	u m m e d̪ w a r ʌ ɦ ʌ r u k o
उम्मेदवारहरुलाई	audio	u m m e d̪ w a r ʌ ɦ ʌ r u l a i
उम्मेदवारहरुले	audio	u m m e d̪ w a r ʌ ɦ ʌ r u l e
उसँग	audio	u s ʌ̃ g ʌ
उसकासामू	audio	u s k a s a m u
उसकै	audio	u s k ʌi
उहाँहरुका	audio	u ɦ ã ɦ r u k a
ऊतिर	audio	u t̪ i r ʌ
ऊनका	audio	u n ʌ k a
ऊसँग	audio	u s ʌ̃ g ʌ
ऊसँगको	audio	u s ʌ̃ g ʌ k o
एकचालीस	audio	e k ts a l i s
एकछिन	audio	e k tsʰ i n
एकछिनपछि	rival	e k tsʰ i n p ʌ tsʰ i
एकछिनमा	audio	e k tsʰ i n m a
एकजुट	audio	e k dz u ʈ
एकतीस	audio	e k t̪ i s
एकदिन	audio	e k d̪ i n
एकनासले	audio	e k n a s l e
एकमात्र	audio	e k m a t̪ r ʌ
एकसाथ	audio	e k s a t̪ʰ
एकहोरो	audio	e k ɦ o r o
एकाउन्ट	audio	e k a u n ʈ
एकैदिन	audio	e k ʌi d̪ i n ʌ
एक्जामिनेसन्स	audio	e k dz a m i n e s ʌ n s
एजेन्ट	audio	e dz e n ʈ
एड्भान्स	audio	e ɖ bʱ a n s
एण्ड	audio	e n ɖ
एथलेटिक्स	audio	e t̪ʰ l e ʈ i k s ʌ
एथ्लेटिक्सबाट	audio	e t̪ʰ l e ʈ i k s b a ʈ ʌ
एन	rival	e n
एनआरएन	audio	e n ʌ a r ʌ e n
एन्टिथेफ्ट	audio	e n ʈ i t̪ʰ e pʰ ʈ
एन्ड	audio	e n ɖ
एपमार्फत्	audio	e p m a r pʰ ʌ t̪
एप्स	audio	e p s
एप्सबाट	audio	e p s b a ʈ ʌ
एमडी	audio	e m ɖ i
एमडीएमएम	audio	e m ɖ i e m ʌ e m
एमडीएमएस	audio	e m ɖ i e m ʌ e s
एमडीएमएसमा	audio	e m ɖ i e m ʌ e s m a
एमेजोनबाटै	audio	e m e dz o n b a ʈ ʌi
एम्बुलेन्स	audio	e m b u l e n s
एम्बुलेन्सको	audio	e m b u l e n s k o
एम्बुलेन्सबाट	audio	e m b u l e n s b a ʈ ʌ
एम्बुलेन्समा	audio	e m b u l e n s m a
एयरपोर्टबाट	audio	e j ʌ r p o r ʈ b a ʈ ʌ
एयरपोर्टमा	audio	e j ʌ r p o r ʈ m a
एयरलाइन्सको	audio	e j ʌ r l a i n s ʌ k o
एयरविन्ड	audio	e j ʌ r ʌ w i n ɖ
एलसी	audio	e l s i
एलसीमार्फत	audio	e l s i m a r pʰ ʌ t̪
एलाइन्सका	audio	e l a i n s k a
एसएलसीसम्म	audio	e s ʌ e l s i s ʌ m m ʌ
एसएसपी	audio	e s ʌ e s p i
एसपी	audio	e s p i
एसेप्ट	audio	e s e p ʈ
एसोसिएसको	audio	e s o s i e s ʌ k o
औपचारिकता	audio	ʌu p ts a r i k ʌ t̪ a
कञ्चनपुर	audio	k ʌ n ts ʌ n p u r
कतिपय	audio	k ʌ t̪ i p ʌ j
कतिपयमा	audio	k ʌ t̪ i p ʌ j m a
कतिपयले	audio	k ʌ t̪ i p ʌ j l e
कदमबारे	audio	k ʌ d̪ ʌ m b a r e
कनेक्ट	audio	k ʌ n e k ʈ
कन्जरभेटिभ	audio	k ʌ n dz ʌ r bʱ e ʈ i bʱ
कन्टेन्टहरू	audio	k ʌ n ʈ e n ʈ ɦ ʌ r u
कन्डिसन्स	audio	k ʌ n ɖ i s ʌ n s
कन्सलटेन्सी	audio	k ʌ n s ʌ l ʈ e n s i
कन्सलट्यान्ट	audio	k ʌ n s ʌ l ʌ ʈ j a n ʈ
कन्स्ट्रक्सनका	audio	k ʌ n s ʈ r ʌ k s ʌ n ʌ k a
कभर	audio	k ʌ bʱ ʌ r ʌ
कमजोर	rival	k ʌ m dz o r
कमजोरी	audio	k ʌ m dz o r i
कमजोरीका	audio	k ʌ m dz o r i k a
कमजोरीबारे	audio	k ʌ m dz o r i b a r e
कमर्सियल	audio	k ʌ m ʌ r s i j ʌ l ʌ
कमल	ours	k ʌ m ʌ l
कमसेकम	audio	k ʌ m s e k ʌ m
कमेन्ट	audio	k ʌ m e n ʈ
कम्युनिष्ट	audio	k ʌ m j u n i s ʈ
कम्युनिस्ट	audio	k ʌ m j u n i s ʈ
कम्युनिस्टहरू	audio	k ʌ m j u n i s ʈ ɦ ʌ r u
कम्लेक्स	audio	k ʌ m l e k s
करेन्ट	audio	k ʌ r e n ʈ
कलकारखानालाई	audio	k ʌ l k a r ʌ kʰ a n a l a i
कलाकारको	audio	k ʌ l a k a r ʌ k o
कश्मीर	audio	k ʌ s m i r ʌ
काठमाडौँ	rival	k a ʈʰ m a ɖ ʌũ
काठमाडौँका	audio	k a ʈʰ m a ɖ ʌũ k a
काठमाडौँको	audio	k a ʈʰ m a ɖ ʌũ k o
काठमाडौँबाट	audio	k a ʈʰ m a ɖ ʌũ b a ʈ ʌ
काठमाडौँमा	audio	k a ʈʰ m a ɖ ʌũ m a
काठमाडौँमै	audio	k a ʈʰ m a ɖ ʌũ m ʌi
काठमाडौँलाई	audio	k a ʈʰ m a ɖ ʌũ l a i
काठमाडौँसँगै	audio	k a ʈʰ m a ɖ ʌũ s ʌ̃ g ʌi
काठमाडौं	rival	k a ʈʰ m a ɖ ʌũ
काठमाडौंका	audio	k a ʈʰ m a ɖ ʌũ k a
काठमाडौंको	audio	k a ʈʰ m a ɖ ʌũ k o
काठमाडौंबाटै	audio	k a ʈʰ m a ɖ ʌu m b a ʈ ʌi
काठमाडौंमा	audio	k a ʈʰ m a ɖ ʌũ m a
कानुनीरूपमै	audio	k a n u n i r u p m ʌi
काभ्रेपलाञ्चोककै	audio	k a bʱ r e p l a n ts o k ʌ k ʌi
कामकाजी	audio	k a m k a dz i
कामदार	audio	k a m d̪ a r
कामदारको	audio	k a m d̪ a r k o
कारखाना	audio	k a r kʰ a n a
कारखानाका	audio	k a r kʰ a n a k a
कारखानाको	audio	k a r kʰ a n a k o
कारखानाभित्र	audio	k a r kʰ a n a bʱ i t̪ r ʌ
कारखानामा	audio	k a r kʰ a n a m a
कारखानालाई	audio	k a r kʰ a n a l a i
कारखानाले	audio	k a r kʰ a n a l e
कारखानासँग	audio	k a r kʰ a n a s ʌ̃ g ʌ
कारबाही	audio	k a r b a ɦ i
कारबाहीको	audio	k a r b a ɦ i k o
कारवाही	audio	k a r w a ɦ i
कारवाहीका	audio	k a r w a ɦ i k a
कार्यक्रमबीच	audio	k a r j ʌ k r ʌ m b i ts
कार्यलयहरूले	audio	k a r j ʌ l ʌ j ɦ ʌ r u l e
कार्यलाई	audio	k a r j l a i
कार्यालय	rival	k a r j a l ʌ j
कार्यालयका	audio	k a r j a l ʌ j k a
कार्यालयको	audio	k a r j a l ʌ j k o
कार्यालयबाट	audio	k a r j a l ʌ j b a ʈ ʌ
कार्यालयमा	audio	k a r j a l ʌ j m a
कार्यालयमार्फत	audio	k a r j a l ʌ j m a r pʰ ʌ t̪
कार्यालयले	audio	k a r j a l ʌ j l e
कार्यालयहरूमा	audio	k a r j a l ʌ j ɦ ʌ r u m a
कालमोचन	audio	k a l m o ts ʌ n
किचन	rival	k i ts ʌ n
किड्स	audio	k i ɖ s
किनकिन	audio	k i n ʌ k i n ʌ
किन्दिन	audio	k i n d̪ i n ʌ
किबोर्डको	audio	k i b o r ɖ k o
किरणकै	audio	k i r ʌ n k ʌi
किलोग्राममाथि	audio	k i l o g r a m m a t̪ʰ i
किसान	audio	k i s a n ʌ
कीटनाशक	audio	k i ʈ n a s ʌ k
कुक्कुर	ours	k u k k u r
कुटपिट	audio	k u ʈ p i ʈ
कुटपिटको	audio	k u ʈ p i ʈ k o
कुन	ours	k u n
कुलमान	audio	k u l m a n
केवल	audio	k e w ʌ l ʌ
केहीबेर	audio	k e ɦ i b e r
केहीबेरमा	audio	k e ɦ i b e r m a
कोण	audio	k o n ʌ
कोबाल्ट	audio	k o b a l ʈ
कोर्स	audio	k o r s
कोलकाता	wiktionary	k o l k a t̪ a
कोशिस	audio	k o s i s ʌ
कोषमार्फत	audio	k o s m a r pʰ ʌ t̪
कोषराज	audio	k o s r a dz
कोसँग	audio	k o s ʌ̃ g ʌ
कोहलपुर	audio	k o ɦ ʌ l p u r
कौतुहलतासँगै	audio	k ʌu t̪ u ɦ ʌ l t̪ a s ʌ̃ g ʌi
कौशलकिशोर	audio	k ʌu s ʌ l k i s o r
क्यानभासमा	audio	k j a n bʱ a s m a
क्याम्पसटुकुचाको	audio	k j a m p ʌ s ʈ u k u ts a k o
क्रमशः	audio	k r ʌ m ʌ s ʌ ɦ
क्रिमिनल	audio	k r i m i n ʌ l ʌ
क्लासमै	audio	k l a s m ʌi
क्वीन्सल्यान्डमा	audio	k w i n s ʌ l j a n ɖ m a
क्षेत्रफलभित्र	audio	k tsʰ e t̪ r ʌ pʰ ʌ l bʱ i t̪ r ʌ
खङ्ग्रङ्ङ	audio	kʰ ʌ ŋ g r ʌ ŋ ŋ ʌ
खटिरहेका	audio	kʰ ʌ ʈ i r ɦ e k a
खतरनाक	audio	kʰ ʌ t̪ ʌ r n a k
खतरा	audio	kʰ ʌ t̪ r a
खबरदारी	audio	kʰ ʌ b ʌ r d̪ a r i
खाइरहेका	audio	kʰ a i r ɦ e k a
खान	audio	kʰ a n ʌ
खानदानकी	audio	kʰ a n d̪ a n k i
खानदानमा	audio	kʰ a n d̪ a n m a
खासखुस	audio	kʰ a s kʰ u s
खीर	ours	kʰ i r
खेतबारी	audio	kʰ e t̪ b a r i
खेतबारीमा	audio	kʰ e t̪ b a r i m a
खेलकुद	audio	kʰ e l k u d̪
खेलकुदका	audio	kʰ e l k u d̪ k a
खेलकुदको	audio	kʰ e l k u d̪ k o
खेलकुदमा	audio	kʰ e l k u d̪ m a
खेलकुदलाई	audio	kʰ e l k u d̪ l a i
खेलवाड	audio	kʰ e l w a ɖ
खोजिरहेका	audio	kʰ o dz i r ɦ e k a
खोजिरहेको	audio	kʰ o dz i r ɦ e k o
गइरहेका	audio	g ʌ i r ɦ e k a
गइरहेको	audio	g ʌ i r ɦ e k o
गठबन्धनका	audio	g ʌ ʈʰ ʌ b ʌ n d̪ʱ ʌ n ʌ k a
गठबन्धनभित्र	audio	g ʌ ʈʰ ʌ b ʌ n d̪ʱ ʌ n bʱ i t̪ r ʌ
गणेश	rival	g ʌ n e s
गत	rival	g ʌ t̪ ʌ
गन्तव्यको	audio	g ʌ n t̪ ʌ w j k o
गन्तव्यमा	audio	g ʌ n t̪ ʌ w j m a
गफिन	audio	g ʌ pʰ i n ʌ
गर	audio	g ʌ r ʌ
गरिरहेका	rival	g ʌ r i r ʌ ɦ e k a
गरिरहेकी	audio	g ʌ r i r ɦ e k i
गरिरहेकै	audio	g ʌ r i r ɦ e k ʌi
गरिरहेको	rival	g ʌ r i r ʌ ɦ e k o
गर्दिन	audio	g ʌ r d̪ i n ʌ
गर्न	rival	g ʌ r n
गर्नको	rival	g ʌ r n k o
गर्नुछ	audio	g ʌ r n u tsʰ
गर्लफ्रेन्ड	audio	g ʌ r l ʌ pʰ r e n ɖ
गार्मेन्ट	audio	g a r m e n ʈ
गार्मेन्टको	audio	g a r m e n ʈ k o
गाविस	rival	g a w i s ʌ
गाविसको	rival	g a w i s ʌ k o
गाविसमा	rival	g a w i s ʌ m a
गुड्सको	audio	g u ɖ s k o
गुणराज	audio	g u n r a dz
गेटभित्र	audio	g e ʈ bʱ i t̪ r ʌ
गेम्स	audio	g e m s
गैर	audio	g ʌi r ʌ
गैरकानुनी	audio	g ʌi r k a n u n i
गैरजिम्मेवार	audio	g ʌi r dz i m m e w a r
गैरसरकारी	audio	g ʌi r ʌ s ʌ r k a r i
गोठाटारबाहेक	audio	g o ʈʰ a ʈ a r b a ɦ e k
गोरखा	audio	g o r kʰ a
गोरखापत्रमा	audio	g o r kʰ a p ʌ t̪ r ʌ m a
गोल	audio	g o l ʌ
गोलभेडा	audio	g o l bʱ e ɖ a
गोलीमार	audio	g o l i m a r ʌ
गोल्ड	audio	g o l ɖ
गौतमबुद्ध	audio	g ʌu t̪ ʌ m b u d̪ d̪ʱ ʌ
गौतमबुद्धमा	audio	g ʌu t̪ ʌ m b u d̪ d̪ʱ ʌ m a
ग्राउण्डका	audio	g r a u n ɖ k a
घटनाले	audio	gʱ ʌ ʈ n a l e
घटाइरहेको	audio	gʱ ʌ ʈ a i r ɦ e k o
घटिरहेका	audio	gʱ ʌ ʈ i r ɦ e k a
घटिरहेको	audio	gʱ ʌ ʈ i r ɦ e k o
घरकै	audio	gʱ ʌ r k ʌi
घरबाटै	audio	gʱ ʌ r b a ʈ ʌi
घरबार	audio	gʱ ʌ r b a r
घरबाहिर	audio	gʱ ʌ r ʌ b a ɦ i r ʌ
घरभित्रै	audio	gʱ ʌ r bʱ i t̪ r ʌi
घरमै	audio	gʱ ʌ r m ʌi
घामझैँ	audio	gʱ a m dzʱ ʌĩ
घुमफिर	audio	gʱ u m pʰ i r
घुमफिरमा	audio	gʱ u m pʰ i r m a
घुसखोरी	audio	gʱ u s kʰ o r i
चकलेट	audio	ts ʌ k l e ʈ
चकलेटहरूको	audio	ts ʌ k l e ʈ ɦ ʌ r u k o
चटनी	audio	ts ʌ ʈ n i
चर्किरहेको	audio	ts ʌ r k i r ɦ e k o
चलचित्र	rival	ts ʌ l ts i t̪ r ʌ
चलचित्रका	audio	ts ʌ l ts i t̪ r ʌ k a
चलचित्रको	audio	ts ʌ l ts i t̪ r ʌ k o
चलचित्रमा	audio	ts ʌ l ts i t̪ r ʌ m a
चलचित्रले	audio	ts ʌ l ts i t̪ r ʌ l e
चलाइरहेका	audio	ts ʌ l a i r ɦ e k a
चलिरहेको	audio	ts ʌ l i r ɦ e k o
चाखलाग्दो	audio	ts a kʰ l a g d̪ o
चानचुने	audio	ts a n ts u n e
चार्ज	audio	ts a r dz
चार्जमा	audio	ts a r dz m a
चिटचिट	audio	ts i ʈ ts i ʈ
चितवनको	audio	ts i t̪ ʌ w ʌ n ʌ k o
चिनचान	audio	ts i n ts a n
चिनजान	audio	ts i n dz a n
चिनजानका	audio	ts i n dz a n k a
चिनजानको	audio	ts i n dz a n k o
चिम्फिङ	audio	ts i m pʰ i ŋ ʌ
चीन	ours	ts i n
चीनका	audio	ts i n ʌ k a
चीनबीच	audio	ts i n b i ts
चुनढुङ्गामा	audio	ts u n ɖʱ u ŋ g a m a
चेकजाँच	audio	ts e k dz ã ts
चेन	audio	ts e n
चौधरी	audio	ts ʌu d̪ʱ r i
च्याम्पिनयसिप	audio	ts j a m p i n ʌ j s i p
च्याम्पिनसिपकै	audio	ts j a m p i n s i p ʌ k ʌi
च्याम्पिनसिपको	audio	ts j a m p i n s i p k o
च्याम्पियनसिपको	audio	ts j a m p i j ʌ n s i p k o
च्याम्पियनसिपपछि	audio	ts j a m p i j ʌ n s i p ʌ p ʌ tsʰ i
च्याम्पियनसिपमा	audio	ts j a m p i j ʌ n s i p m a
च्याम्पियनसिपले	audio	ts j a m p i j ʌ n s i p l e
च्याम्पियसिपमा	audio	ts j a m p i j s i p m a
च्याम्प्यिनसिपको	audio	ts j a m p j i n s i p k o
छाँटकाँट	audio	tsʰ ã ʈ k ã ʈ
छानबिन	audio	tsʰ a n b i n
छानबिनका	audio	tsʰ a n b i n k a
छानबिनमा	audio	tsʰ a n b i n m a
छापिन	audio	tsʰ a p i n ʌ
छिटपुटरुपमा	audio	tsʰ i ʈ p u ʈ ʌ r u p m a
छिन	rival	tsʰ i n ʌ
छिप्पिन	audio	tsʰ i p p i n ʌ
छुट्टिनका	audio	tsʰ u ʈ ʈ i n ʌ k a
छेकवार	audio	tsʰ e k w a r
जटिलता	audio	dz ʌ ʈ i l t̪ a
जटिलताका	audio	dz ʌ ʈ i l t̪ a k a
जटिलताको	audio	dz ʌ ʈ i l t̪ a k o
जनआन्दोलनमार्फत	audio	dz ʌ n ʌ a n d̪ o l ʌ n m a r pʰ ʌ t̪
जनसमुदायको	audio	dz ʌ n ʌ s ʌ m u d̪ a j k o
जबर्जस्त	audio	dz ʌ b ʌ r dz ʌ s t̪
जमीन	ours	dz ʌ m i n
जयकिशोर	audio	dz ʌ j k i s o r
जयनेपाल	audio	dz ʌ j n e p a l
जयपुरी	audio	dz ʌ j p u r i
जरूर	ours	dz ʌ r u r
जलमार्गको	audio	dz ʌ l m a r g ʌ k o
जलविद्युत	audio	dz ʌ l w i d̪ j u t̪
जलविद्युतका	audio	dz ʌ l w i d̪ j u t̪ k a
जसमार्फत	audio	dz ʌ s m a r pʰ ʌ t̪
जागिरबारे	audio	dz a g i r b a r e
जान	rival	dz a n ʌ
जानकार	audio	dz a n k a r
जानकारी	rival	dz a n k a r i
जानकी	audio	dz a n ʌ k i
जानलाई	audio	dz a n ʌ l a i
जापानबाहिर	audio	dz a p a n ʌ b a ɦ i r ʌ
जायजेथा	audio	dz a j dz e t̪ʰ a
जारभित्र	audio	dz a r bʱ i t̪ r ʌ
जितजंग	audio	dz i t̪ ʌ dz ʌ ŋ g
जिन्सको	audio	dz i n s k o
जीवनका	audio	dz i w ʌ n ʌ k a
जीवनज	audio	dz i w ʌ n ʌ dz ʌ
जीवनशैली	audio	dz i w ʌ n s ʌi l i
जीवनी	custom	dz i w a n i
जुगल	audio	dz u g ʌ l ʌ
जुन	ours	dz u n
जुनसुकै	audio	dz u n s u k ʌi
जेनतेन	audio	dz e n t̪ e n ʌ
जेबाट	audio	dz e b a ʈ ʌ
जोगाइरहेका	audio	dz o g a i r ɦ e k a
जोसँग	audio	dz o s ʌ̃ g ʌ
ज्ञानगुनका	audio	g j a n g u n k a
ज्यान	audio	dz j a n ʌ
ज्वाइन	audio	dz w a i n ʌ
झैझगडा	audio	dzʱ ʌi dzʱ ʌ g ɖ a
टर्क	audio	ʈ ʌ r k
टाइमपासको	audio	ʈ a i m p a s k o
टिकटकमार्फत	audio	ʈ i k ʌ ʈ ʌ k m a r pʰ ʌ t̪
टिकटकमै	audio	ʈ i k ʌ ʈ ʌ k m ʌi
टिलपिल	audio	ʈ i l p i l
टीकापुर	audio	ʈ i k a p u r ʌ
टुँडालदेवी	audio	ʈ ũ ɖ a l d̪ e w i
टुंग	audio	ʈ u ŋ g
टेकपानालाई	audio	ʈ e k p a n a l a i
टेकपानासँग	audio	ʈ e k p a n a s ʌ̃ g ʌ
टेबलतिरै	audio	ʈ e b ʌ l t̪ i r ʌi
टेलिभिजनका	audio	ʈ e l i bʱ i dz ʌ n ʌ k a
टेस्ट	audio	ʈ e s ʈ ʌ
टेस्टिङ	audio	ʈ e s ʈ i ŋ ʌ
टोकटोकको	audio	ʈ o k ʈ o k k o
टोकटोकतिर	audio	ʈ o k ʈ o k t̪ i r ʌ
टोकटोकमा	audio	ʈ o k ʈ o k m a
टोलटोलबाट	audio	ʈ o l ʈ o l b a ʈ ʌ
ट्याबलेट	audio	ʈ j a b l e ʈ
ट्राफिक	audio	ʈ r a pʰ i k ʌ
ट्रिटमेन्ट	audio	ʈ r i ʈ m e n ʈ ʌ
ट्रेड	audio	ʈ r e ɖ ʌ
ट्रेडमार्क	audio	ʈ r e ɖ m a r k ʌ
ट्रेडमार्कमा	audio	ʈ r e ɖ m a r k ʌ m a
ट्रेन्ड	audio	ʈ r e n ɖ
ट्रेन्डलाई	audio	ʈ r e n ɖ l a i
ठेकदार	audio	ʈʰ e k d̪ a r
ठेलमठेल	audio	ʈʰ e l ʌ m ʈʰ e l
डकुमेन्टहरू	audio	ɖ ʌ k u m e n ʈ ɦ ʌ r u
डडेलधुरा	rival	ɖ ʌ ɖ e l d̪ʱ u r a
डायरी	audio	ɖ a j r i
डायरीमा	audio	ɖ a j r i m a
डायरीमै	audio	ɖ a j r i m ʌi
डिएन	audio	ɖ i e n
डिएसपी	audio	ɖ i e s p i
डिपेन्डेटमा	audio	ɖ i p e n ɖ e ʈ ʌ m a
डिपेन्डेन्ट	audio	ɖ i p e n ɖ e n ʈ
डिपेन्डेन्टमा	audio	ɖ i p e n ɖ e n ʈ m a
डिशहोम	audio	ɖ i s ɦ o m
डिशहोमले	audio	ɖ i s ɦ o m l e
डिसकनेक्ट	audio	ɖ i s ʌ k ʌ n e k ʈ
डिसयुज्ड	audio	ɖ i s ʌ j u dz ɖ
डेटासेन्टर	audio	ɖ e ʈ a s e n ʈ ʌ r ʌ
डेलिभरी	audio	ɖ e l i bʱ r i
ड्याङ्ङ	audio	ɖ j a ŋ ŋ ʌ
ड्रोन	rival	ɖ r o n
ढलको	audio	ɖʱ ʌ l ʌ k o
ढामढुम	audio	ɖʱ a m ɖʱ u m
ढुकुर	ours	ɖʱ u k u r
तत्परता	audio	t̪ ʌ t̪ p ʌ r t̪ a
तथ्यले	audio	t̪ ʌ t̪ʰ j l e
तपाइँहरुलाई	audio	t̪ ʌ p a ĩ ɦ r u l a i
तपाईंलाई	ours	t̪ ʌ p a ĩ l a i
तपाईंले	ours	t̪ ʌ p a ĩ l e
तय	audio	t̪ ʌ j
तरकारी	rival	t̪ ʌ r k a r i
तस्बिर	ours	t̪ ʌ s b i r
तामझाम	audio	t̪ a m dzʱ a m
तामझामका	audio	t̪ a m dzʱ a m k a
तालमेल	audio	t̪ a l m e l
तिनपैनीका	audio	t̪ i n p ʌi n i k a
तिरमिराउँथ्यो	audio	t̪ i r m i r a ũ t̪ʰ j o
तिरमिराए	audio	t̪ i r m i r a e
तीन	ours	t̪ i n
तीनधारा	audio	t̪ i n d̪ʱ a r a
तीनपैनी	audio	t̪ i n p ʌi n i
तीर	ours	t̪ i r
त्यतिञ्जेल	audio	t̪ j ʌ t̪ i n dz e l ʌ
त्यसकारण	audio	t̪ j ʌ s k a r ʌ n
त्यसबारे	audio	t̪ j ʌ s b a r e
त्यसबाहेक	audio	t̪ j ʌ s b a ɦ e k
त्यसबाहेकका	audio	t̪ j ʌ s b a ɦ e k k a
त्यसबेला	audio	t̪ j ʌ s b e l a
त्यसभित्र	audio	t̪ j ʌ s bʱ i t̪ r ʌ
त्यसमार्फत	audio	t̪ j ʌ s m a r pʰ ʌ t̪
त्यसमै	audio	t̪ j ʌ s m ʌi
त्रिपुरेश्वर	audio	t̪ r i p u r e s w ʌ r ʌ
त्रैमास	audio	t̪ r ʌi m a s ʌ
थिइन	audio	t̪ʰ i i n ʌ
थ्यांक	audio	t̪ʰ j a ŋ k
दरखास्त	audio	d̪ ʌ r kʰ a s t̪ ʌ
दरबार	rival	d̪ ʌ r b a r
दरबारको	audio	d̪ ʌ r b a r k o
दरबारमार्गको	audio	d̪ ʌ r ʌ b a r ʌ m a r g k o
दलभित्र	audio	d̪ ʌ l bʱ i t̪ r ʌ
दलहरू	audio	d̪ ʌ l ʌ ɦ ʌ r u
दलहरूका	audio	d̪ ʌ l ʌ ɦ ʌ r u k a
दलहरूले	audio	d̪ ʌ l ʌ ɦ ʌ r u l e
दलहरूसँग	audio	d̪ ʌ l ʌ ɦ ʌ r u s ʌ̃ g ʌ
दशकयता	audio	d̪ ʌ s ʌ k ʌ j t̪ a
दाम्पत्य	audio	d̪ a m p ʌ t̪ j
दायरा	audio	d̪ a j r a
दायराभित्र	audio	d̪ a j r a bʱ i t̪ r ʌ
दायरामा	audio	d̪ a j r a m a
दालभात	audio	d̪ a l bʱ a t̪
दाहालबीच	audio	d̪ a ɦ a l b i ts
दाहालहरूलाई	audio	d̪ a ɦ a l ʌ ɦ ʌ r u l a i
दिइरहेका	audio	d̪ i i r ɦ e k a
दिइरहेको	audio	d̪ i i r ɦ e k o
दिन	rival	d̪ i n ʌ
दिनको	custom	d̪ i n ʌ k o
दिनदिनै	audio	d̪ i n d̪ i n ʌi
दिनबाटै	audio	d̪ i n b a ʈ ʌi
दिनभित्र	audio	d̪ i n bʱ i t̪ r ʌ
दिनमै	audio	d̪ i n m ʌi
दुईबीच	audio	d̪ u i b i ts ʌ
दुतावास	custom	d̪ u t̪ a b a s
दुर्घटनामा	audio	d̪ u r gʱ ʌ ʈ n a m a
दूतावास	custom	d̪ u t̪ a b a s
दूरगामी	audio	d̪ u r g a m i
दूरतामा	audio	d̪ u r t̪ a m a
दृश्यहरू	audio	d̪ r i s j ɦ ʌ r u
देखाइरहेको	audio	d̪ e kʰ a i r ɦ e k o
देखिन	audio	d̪ e kʰ i n ʌ
देखिनका	audio	d̪ e kʰ i n ʌ k a
देखिरहेका	audio	d̪ e kʰ i r ɦ e k a
देवकुमारी	audio	d̪ e w k u m a r i
देशकै	audio	d̪ e s k ʌi
देशबीचको	audio	d̪ e s b i ts k o
देशभित्र	audio	d̪ e s bʱ i t̪ r ʌ
देशभित्रै	audio	d̪ e s bʱ i t̪ r ʌi
देशमै	audio	d̪ e s m ʌi
दौडधूप	audio	d̪ ʌu ɖ d̪ʱ u p
द्वन्द्वात्मक	audio	d̪ w ʌ n d̪ w a t̪ m ʌ k ʌ
धड्किन	audio	d̪ʱ ʌ ɖ k i n ʌ
धनकुटा	audio	d̪ʱ ʌ n k u ʈ a
धनकुटाका	audio	d̪ʱ ʌ n k u ʈ a k a
धनकुटाबाट	audio	d̪ʱ ʌ n k u ʈ a b a ʈ ʌ
धनकुटामा	audio	d̪ʱ ʌ n k u ʈ a m a
धाइरहेका	audio	d̪ʱ a i r ɦ e k a
धानिरहेका	audio	d̪ʱ a n i r ɦ e k a
ध्रुव	audio	d̪ʱ r u w ʌ
ध्रुवका	audio	d̪ʱ r u w ʌ k a
नगदमै	audio	n ʌ g ʌ d̪ m ʌi
नगरपालिका	audio	n ʌ g ʌ r p a l i k a
नगरपालिकाका	audio	n ʌ g ʌ r p a l i k a k a
नगरपालिकाको	audio	n ʌ g ʌ r p a l i k a k o
नगरपालिकामा	rival	n ʌ g ʌ r p a l i k a m a
नगरपालिकाले	audio	n ʌ g ʌ r p a l i k a l e
नछुट्टिकन	audio	n ʌ tsʰ u ʈ ʈ i k ʌ n ʌ
नछोइकन	audio	n ʌ tsʰ o i k ʌ n ʌ
नजिकिन	audio	n ʌ dz i k i n ʌ
नडराइकन	audio	n ʌ ɖ ʌ r a i k ʌ n ʌ
नदिन	audio	n ʌ d̪ i n ʌ
नपुगीकन	audio	n ʌ p u g i k ʌ n ʌ
नभनीकन	audio	n ʌ bʱ ʌ n i k ʌ n ʌ
नभुल	audio	n ʌ bʱ u l ʌ
नमिलाइकन	audio	n ʌ m i l a i k ʌ n ʌ
नर्गिस	audio	n ʌ r g i s ʌ
नर्सलाई	audio	n ʌ r s l a i
नर्सहरू	audio	n ʌ r s ɦ ʌ r u
नवलपुरको	audio	n ʌ w ʌ l p u r k o
नवलपुरमा	audio	n ʌ w ʌ l p u r m a
नसोच्न	audio	n ʌ s o ts n
नहिँड	audio	n ʌ ɦ ĩ ɖ ʌ
नहुन	audio	n ʌ ɦ u n ʌ
नागरिक	audio	n a g r i k
नागरिकका	audio	n a g r i k k a
नागरिकको	audio	n a g r i k k o
नागरिकता	rival	n a g r i k t̪ a
नागरिकप्रति	audio	n a g r i k ʌ p r ʌ t̪ i
नागरिकबीचको	audio	n a g r i k ʌ b i ts k o
नागरिकमाथि	audio	n a g r i k ʌ m a t̪ʰ i
नागरिकलाई	audio	n a g r i k l a i
नागरिकले	audio	n a g r i k l e
नागरिकसम्बन्धी	audio	n a g r i k ʌ s ʌ m b ʌ n d̪ʱ i
नागाल्यान्डमा	audio	n a g a l j a n ɖ m a
नाच	audio	n a ts ʌ
नाचगान	audio	n a ts g a n
नारायणहिटी	rival	n a r a j ʌ n ɦ i ʈ i
नारायणहिटीदेखि	audio	n a r a j ʌ n ɦ i ʈ i d̪ e kʰ i
नारायणहिटीसम्मटुकुचाको	audio	n a r a j ʌ n ɦ i ʈ i s ʌ m m ʌ ʈ u k u ts a k o
नारायणहिटीसम्मयो	audio	n a r a j ʌ n ɦ i ʈ i s ʌ m m ʌ j o
निकटता	audio	n i k ʌ ʈ t̪ a
निकाय	audio	n i k a j
निकायका	audio	n i k a j k a
निकायबाट	audio	n i k a j b a ʈ ʌ
निकायले	audio	n i k a j l e
निकायहरूले	audio	n i k a j ɦ ʌ r u l e
निजीकरण	audio	n i dz i k ʌ r ʌ n ʌ
निमकान्त	audio	n i m k a n t̪ ʌ
नियन्त्रणमा	audio	n i j ʌ n t̪ r ʌ n ʌ m a
नियोजनकै	audio	n i j o dz ʌ n k ʌi
निरन्तरता	audio	n i r ʌ n t̪ ʌ r t̪ a
निराशाजनक	audio	n i r a s a dz ʌ n ʌ k ʌ
निर्णय	rival	n i r n ʌ j
निर्णयकै	audio	n i r n ʌ j k ʌi
निर्णयबाट	audio	n i r n ʌ j b a ʈ ʌ
निर्णयलाई	audio	n i r n ʌ j l a i
निर्देशकमात्र	audio	n i r d̪ e s ʌ k m a t̪ r ʌ
निर्यातयोग्य	audio	n i r j a t̪ j o g j ʌ
निवेदन	audio	n i w e d̪ ʌ n ʌ
निस्कन	audio	n i s k ʌ n ʌ
निस्किन	audio	n i s k i n ʌ
निस्किरहे	audio	n i s k i r ɦ e
नुन	ours	n u n
नुनपानी	audio	n u n p a n i
नुनपानीमा	audio	n u n p a n i m a
नेटवर्क	audio	n e ʈ ʌ w ʌ r k
नेटवर्कमा	audio	n e ʈ ʌ w ʌ r k m a
नेपालकै	audio	n e p a l k ʌi
नेपालबीचको	audio	n e p a l b i ts k o
नेपालमै	audio	n e p a l m ʌi
न्यायका	audio	n j a j k a
न्यायलाई	audio	n j a j l a i
न्युजिल्यान्डको	rival	n j u dz i l j a n ɖ k o
न्यून	audio	n j u n ʌ
पटकमात्रै	audio	p ʌ ʈ ʌ k m a t̪ r ʌi
पठाइन	audio	p ʌ ʈʰ a i n ʌ
पढाइन	audio	p ʌ ɖʱ a i n ʌ
पढाइरहेकी	audio	p ʌ ɖʱ a i r ɦ e k i
पढिरहनु	audio	p ʌ ɖʱ i r ʌ ɦ n u
पब्लिकेसन्स	audio	p ʌ b l i k e s ʌ n s
परराष्ट्र	audio	p ʌ r r a s ʈ r ʌ
परिचय	audio	p ʌ r i ts ʌ j
परिरहेको	audio	p ʌ r i r ɦ e k o
परिवारकै	audio	p ʌ r i w a r k ʌi
परिसंघले	audio	p ʌ r i s ʌ ŋ gʱ l e
पर्सबाट	audio	p ʌ r s b a ʈ ʌ
पलहरू	audio	p ʌ l ʌ ɦ ʌ r u
पसलहरू	audio	p ʌ s ʌ l ʌ ɦ ʌ r u
पसलेको	audio	p ʌ s ʌ l e k o
पहाडको	audio	p ʌ ɦ a ɖ ʌ k o
पहिचानबारे	audio	p ʌ ɦ i ts a n b a r e
पहुँचयोग्य	audio	p ʌ ɦ ũ ts j o g j ʌ
पाइन्टको	audio	p a i n ʈ k o
पाइन्टमा	audio	p a i n ʈ m a
पाइपलाइनमा	audio	p a i p l a i n m a
पाइरहेका	audio	p a i r ɦ e k a
पाटन	rival	p a ʈ ʌ n
पार्टनरशिपको	audio	p a r ʈ ʌ n ʌ r s i p k o
पार्वती	ours	p a r w ʌ t̪ i
पालनपोषण	audio	p a l ʌ n p o s ʌ n
पालनपोषणलाई	audio	p a l ʌ n p o s ʌ n l a i
पावरप्लान्ट	audio	p a w ʌ r ʌ p l a n ʈ
पुगिरहेका	audio	p u g i r ɦ e k a
पुनः	audio	p u n ʌ ɦ
पुनःसथापित	audio	p u n ʌ ɦ s t̪ʰ a p i t̪
पुर्याइरहेका	audio	p u r j a i r ɦ e k a
पुस्तकालय	audio	p u s t̪ ʌ k a l ʌ j
पूर्व	ours	p u r w ʌ
पूर्वराजदूत	audio	p u r w ʌ r a dz d̪ u t̪
पेस्ट	audio	p e s ʈ
पैदलमार्ग	audio	p ʌi d̪ ʌ l m a r g ʌ
पोइन्ट	audio	p o i n ʈ
पोल्यान्ड	audio	p o l j a n ɖ
पोल्यान्डमा	audio	p o l j a n ɖ m a
प्रकाश	audio	p r ʌ k a s ʌ
प्रकाशराज	audio	p r ʌ k a s r a dz
प्रगाढता	audio	p r ʌ g a ɖʱ t̪ a
प्रतिफल	audio	p r ʌ t̪ i pʰ ʌ l ʌ
प्रतिशतमात्रै	audio	p r ʌ t̪ i s ʌ t̪ m a t̪ r ʌi
प्रदेशभित्र	audio	p r ʌ d̪ e s bʱ i t̪ r ʌ
प्रभावकारी	audio	p r ʌ bʱ a w k a r i
प्रसान्त	audio	p r ʌ s a n t̪
प्राथमिक	audio	p r a t̪ʰ m i k
प्राथमिकता	audio	p r a t̪ʰ m i k ʌ t̪ a
प्राथमिकतामा	audio	p r a t̪ʰ m i k ʌ t̪ a m a
प्राधिकरणबाटै	audio	p r a d̪ʱ i k ʌ r ʌ n b a ʈ ʌi
प्राधिकरणभित्रैबाट	audio	p r a d̪ʱ i k ʌ r ʌ n bʱ i t̪ r ʌi b a ʈ ʌ
प्राप्तअनुसार	audio	p r a p t̪ ʌ ʌ n u s a r ʌ
प्रिय	custom	p r i j ʌ
प्रेसटिज	audio	p r e s ʈ i dz
प्रोजेक्टमा	audio	p r o dz e k ʈ m a
प्लाटफर्म	audio	p l a ʈ ʌ pʰ ʌ r m
प्लाटफर्ममा	audio	p l a ʈ ʌ pʰ ʌ r m m a
प्लान्ट	audio	p l a n ʈ
प्लान्टको	audio	p l a n ʈ k o
प्लान्टमा	audio	p l a n ʈ m a
प्लान्टलाई	audio	p l a n ʈ l a i
प्लास्टिकमै	audio	p l a s ʈ i k m ʌi
प्लेटफर्म	audio	p l e ʈ ʌ pʰ ʌ r m
प्लेटफर्ममा	audio	p l e ʈ ʌ pʰ ʌ r m m a
फरवार्ड	audio	pʰ ʌ r ʌ w a r ɖ
फर्कन	audio	pʰ ʌ r k ʌ n ʌ
फर्किइन	audio	pʰ ʌ r k i i n ʌ
फर्किन	audio	pʰ ʌ r k i n ʌ
फलफूल	audio	pʰ ʌ l pʰ u l
फाइलमाथि	audio	pʰ a i l m a t̪ʰ i
फाक्दिङमै	audio	pʰ a k d̪ i ŋ m ʌi
फागुन	ours	pʰ a g u n
फालाफाल	audio	pʰ a l a pʰ a l ʌ
फाल्गुन	ours	pʰ a l g u n
फास्टेस्ट	audio	pʰ a s ʈ e s ʈ
फिक्स	audio	pʰ i k s
फिक्स्ड	audio	pʰ i k s ɖ
फिचर्समा	audio	pʰ i ts ʌ r s m a
फिजिक्स	audio	pʰ i dz i k s
फिटनेस	audio	pʰ i ʈ n e s
फिटनेसमा	audio	pʰ i ʈ n e s m a
फिटनेसले	audio	pʰ i ʈ n e s l e
फिल्ड	audio	pʰ i l ɖ
फुटपाथ	audio	pʰ u ʈ p a t̪ʰ
फुटपाथका	audio	pʰ u ʈ p a t̪ʰ k a
फुटफाथ	audio	pʰ u ʈ pʰ a t̪ʰ
फुरुङ्ङ	audio	pʰ u r u ŋ ŋ ʌ
फुलचार्ज	audio	pʰ u l ts a r dz ʌ
फुल्पिङकोट	audio	pʰ u l p i ŋ k o ʈ
फेरिरहेको	audio	pʰ e r i r ɦ e k o
फेल्ट	audio	pʰ e l ʈ
फेसबुक	audio	pʰ e s b u k
फेसबुकमा	audio	pʰ e s b u k m a
फेस्टिभलको	audio	pʰ e s ʈ i bʱ ʌ l ʌ k o
फैलिन	audio	pʰ ʌi l i n ʌ
फोनमै	audio	pʰ o n m ʌi
फोहोरमैला	audio	pʰ o ɦ o r m ʌi l a
फ्रान्सको	rival	pʰ r a n s k o
फ्रेन्ड	audio	pʰ r e n ɖ
फ्लाईज	audio	pʰ l a i dz ʌ
बंकरभित्र	audio	b ʌ ŋ k ʌ r bʱ i t̪ r ʌ
बंगलादेश	audio	b ʌ ŋ g l a d̪ e s
बंगलादेशका	audio	b ʌ ŋ g l a d̪ e s k a
बंगलादेशको	audio	b ʌ ŋ g l a d̪ e s k o
बंगलादेशबाट	audio	b ʌ ŋ g l a d̪ e s b a ʈ ʌ
बंगलादेशबीचको	audio	b ʌ ŋ g l a d̪ e s ʌ b i ts k o
बंगलादेशमा	audio	b ʌ ŋ g l a d̪ e s m a
बंगलादेशलाई	audio	b ʌ ŋ g l a d̪ e s l a i
बंगलादेशले	audio	b ʌ ŋ g l a d̪ e s l e
बंगलादेशसँग	audio	b ʌ ŋ g l a d̪ e s s ʌ̃ g ʌ
बंगलादेशी	audio	b ʌ ŋ g l a d̪ e s i
बगिरहे	audio	b ʌ g i r ɦ e
बजारकेन्द्रित	audio	b ʌ dz a r k e n d̪ r i t̪
बजारटुकुचाको	audio	b ʌ dz a r ʈ u k u ts a k o
बजेटकै	audio	b ʌ dz e ʈ k ʌi
बजेटमार्फत	audio	b ʌ dz e ʈ m a r pʰ ʌ t̪
बजेटमै	audio	b ʌ dz e ʈ m ʌi
बढिरहेका	audio	b ʌ ɖʱ i r ɦ e k a
बढिरहेको	audio	b ʌ ɖʱ i r ɦ e k o
बदनामी	audio	b ʌ d̪ n a m i
बदमासी	audio	b ʌ d̪ m a s i
बदलिन्छौ	audio	b ʌ d̪ l i n tsʰ ʌu
बदलौँ	audio	b ʌ d̪ l ʌũ
बनाइरहेको	audio	b ʌ n a i r ɦ e k o
बनिदिन	audio	b ʌ n i d̪ i n ʌ
बनिरहेका	audio	b ʌ n i r ɦ e k a
बनिरहेको	audio	b ʌ n i r ɦ e k o
बराल	audio	b ʌ r a l ʌ
बल	audio	b ʌ l ʌ
बलिदान	audio	b ʌ l i d̪ a n ʌ
बसिरहेकी	audio	b ʌ s i r ɦ e k i
बसोबास	rival	b ʌ s o b a s
बहुदल	audio	b ʌ ɦ u d̪ ʌ l ʌ
बहुलता	audio	b ʌ ɦ u l t̪ a
बाँडफाँट	audio	b ã ɖ pʰ ã ʈ
बाँडफाँटमा	audio	b ã ɖ pʰ ã ʈ m a
बाघरूपी	audio	b a gʱ r u p i
बाजपेयीसँग	audio	b a dz p e j i s ʌ̃ g ʌ
बाथरूम	audio	b a t̪ʰ r u m
बाध्य	audio	b a d̪ʱ j
बाबजुद	audio	b a b dz u d̪
बालकलेझैं	audio	b a l ʌ k l e dzʱ ʌĩ
बालकृष्ण	audio	b a l k r i s n ʌ
बालकोनीमा	audio	b a l k o n i m a
बालबालिककालाई	audio	b a l b a l i k k a l a i
बालबालिका	audio	b a l b a l i k a
बालबालिकाको	audio	b a l b a l i k a k o
बालबालिकालाई	audio	b a l b a l i k a l a i
बालबालिकाले	audio	b a l b a l i k a l e
बालबालिकाहरुका	audio	b a l b a l i k a ɦ ʌ r u k a
बालबालिकाहरुको	audio	b a l b a l i k a ɦ ʌ r u k o
बालबालिकाहरुमा	audio	b a l b a l i k a ɦ ʌ r u m a
बालबालिकाहरुले	audio	b a l b a l i k a ɦ ʌ r u l e
बालमन्दिर	audio	b a l ʌ m ʌ n d̪ i r ʌ
बालविवाह	audio	b a l w i w a ɦ ʌ
बालविवाहलाई	audio	b a l w i w a ɦ ʌ l a i
बालिरहेका	audio	b a l i r ɦ e k a
बाहुनवादको	audio	b a ɦ u n w a d̪ k o
बिजोग	custom	b i dz o g
बिर्सन	audio	b i r s ʌ n ʌ
बिर्सिन	audio	b i r s i n ʌ
बिल्डर्सका	audio	b i l ɖ ʌ r s k a
बिहान	audio	b i ɦ a n ʌ
बिहानीपख	audio	b i ɦ a n i p ʌ kʰ ʌ
बिहीबार	audio	b i ɦ i b a r ʌ
बीर	ours	b i r
बुक्स	rival	b u k s
बुझिरहेको	audio	b u dzʱ i r ɦ e k o
बेचिरहेका	audio	b e ts i r ɦ e k a
बेपरवाह	audio	b e p ʌ r w a ɦ ʌ
बेरोजगारी	audio	b e r o dz g a r i
बैंकमार्फत	audio	b ʌi ŋ k m a r pʰ ʌ t̪
बैगुन	ours	b ʌi g u n
बोटबिरूवा	audio	b o ʈ b i r u w a
बोरिङको	audio	b o r i ŋ ʌ k o
बोल्ट	audio	b o l ʈ
बोल्टको	audio	b o l ʈ k o
बोल्टले	audio	b o l ʈ l e
बोल्दिन	audio	b o l d̪ i n ʌ
ब्याजबाटै	audio	b j a dz b a ʈ ʌi
ब्यान्ड	audio	b j a n ɖ
ब्यालेन्स	audio	b j a l e n s
ब्राण्ड	audio	b r a n ɖ
ब्रान्ड	audio	b r a n ɖ
ब्रान्डका	audio	b r a n ɖ k a
ब्रान्डको	audio	b r a n ɖ k o
ब्रान्डमा	audio	b r a n ɖ m a
ब्रिफकेस	audio	b r i pʰ k e s
ब्रिफिङ	audio	b r i pʰ i ŋ ʌ
ब्रोडब्याण्डको	audio	b r o ɖ ʌ b j a n ɖ k o
ब्रोडब्याण्डमा	audio	b r o ɖ ʌ b j a n ɖ m a
ब्लेड	audio	b l e ɖ ʌ
भइरहेका	audio	bʱ ʌ i r ɦ e k a
भइरहेको	rival	bʱ ʌ i r ɦ e k o
भक्तपुर	ours	bʱ ʌ k t̪ ʌ p u r
भगतसिंह	audio	bʱ ʌ g ʌ t̪ s ĩ ɦ ʌ
भगवान	audio	bʱ ʌ g w a n
भगवानको	audio	bʱ ʌ g w a n k o
भगवानसँग	audio	bʱ ʌ g w a n s ʌ̃ g ʌ
भगवानै	audio	bʱ ʌ g w a n ʌi
भटमास	audio	bʱ ʌ ʈ m a s
भटमासको	audio	bʱ ʌ ʈ m a s k o
भट्ट	rival	bʱ ʌ ʈ ʈ ʌ
भनिन	audio	bʱ ʌ n i n ʌ
भनिरहे	audio	bʱ ʌ n i r ɦ e
भनिरहेका	audio	bʱ ʌ n i r ɦ e k a
भनिरहेकी	audio	bʱ ʌ n i r ɦ e k i
भनिरहेको	audio	bʱ ʌ n i r ɦ e k o
भर	audio	bʱ ʌ r
भरमा	audio	bʱ ʌ r m a
भरिन	audio	bʱ ʌ r i n ʌ
भल्भ	audio	bʱ ʌ l bʱ
भवनका	audio	bʱ ʌ w ʌ n ʌ k a
भवनभित्रै	audio	bʱ ʌ w ʌ n bʱ i t̪ r ʌi
भवनमुनि	audio	bʱ ʌ w ʌ n m u n i
भवमा	audio	bʱ ʌ w ʌ m a
भाग्य	audio	bʱ a g j
भाग्यले	audio	bʱ a g j l e
भारतबाहेक	audio	bʱ a r ʌ t̪ b a ɦ e k
भारतमाथि	audio	bʱ a r ʌ t̪ m a t̪ʰ i
भारतमाथिको	audio	bʱ a r ʌ t̪ m a t̪ʰ i k o
भारतविरुद्ध	audio	bʱ a r ʌ t̪ w i r u d̪ d̪ʱ ʌ
भारतविरुद्धको	audio	bʱ a r ʌ t̪ w i r u d̪ d̪ʱ ʌ k o
भाष्यहरू	audio	bʱ a s j ɦ ʌ r u
भित्रिरहेका	audio	bʱ i t̪ r i r ɦ e k a
भिमसेन	audio	bʱ i m s e n ʌ
भीडभाड	audio	bʱ i ɖ bʱ a ɖ
भीडभाडबिना	audio	bʱ i ɖ bʱ a ɖ ʌ b i n a
भीर	ours	bʱ i r
भुटानका	audio	bʱ u ʈ a n ʌ k a
भुटानमाथि	audio	bʱ u ʈ a n m a t̪ʰ i
भूराजनीतिक	audio	bʱ u r a dz n i t̪ i k
भृकुटीमण्डपटुकुचाको	audio	bʱ r i k u ʈ i m ʌ n ɖ ʌ p ʈ u k u ts a k o
भेटघाट	audio	bʱ e ʈ gʱ a ʈ
भेटमै	audio	bʱ e ʈ m ʌi
भेटरान	audio	bʱ e ʈ ʌ r a n ʌ
भेटवार्ता	audio	bʱ e ʈ w a r t̪ a
भेनिस	audio	bʱ e n i s ʌ
भैरहवा	audio	bʱ ʌi r ʌ ɦ w a
भैरहवाको	audio	bʱ ʌi r ʌ ɦ w a k o
भोल्ट	audio	bʱ o l ʈ
भौंतारिएर	audio	bʱ ʌu n t̪ a r i e r
भौतारिरहेकी	audio	bʱ ʌu t̪ a r i r ɦ e k i
मंगलबार	audio	m ʌ ŋ g ʌ l b a r
मःम	audio	m ʌ ɦ m ʌ
मङ्सिर	ours	m ʌ ŋ s i r
मजदुर	audio	m ʌ dz d̪ u r
मजदुरको	audio	m ʌ dz d̪ u r k o
मजदुरी	audio	m ʌ dz d̪ u r i
मजबुत	audio	m ʌ dz b u t̪
मडरेट	audio	m ʌ ɖ r e ʈ
मतलबै	audio	m ʌ t̪ ʌ l b ʌi
मतिर	audio	m ʌ t̪ i r ʌ
मधेसबीचमा	audio	m ʌ d̪ʱ e s b i ts m a
मधेसमै	audio	m ʌ d̪ʱ e s m ʌi
मनभित्र	audio	m ʌ n bʱ i t̪ r ʌ
मनमै	audio	m ʌ n m ʌi
मनमौजी	audio	m ʌ n m ʌu dz i
मनसुन	audio	m ʌ n s u n
मनसुनी	audio	m ʌ n s u n i
मन्जित	audio	m ʌ n dz i t̪ ʌ
मन्त्रालय	audio	m ʌ n t̪ r a l ʌ j
मन्त्रालयका	audio	m ʌ n t̪ r a l ʌ j k a
मन्त्रालयकी	audio	m ʌ n t̪ r a l ʌ j k i
मन्त्रालयको	audio	m ʌ n t̪ r a l ʌ j k o
मन्त्रालयले	audio	m ʌ n t̪ r a l ʌ j l e
मबाट	audio	m ʌ b a ʈ ʌ
मयूर	ours	m ʌ j u r
मसँग	audio	m ʌ s ʌ̃ g ʌ
मसँगको	audio	m ʌ s ʌ̃ g ʌ k o
महर्जनका	audio	m ʌ ɦ ʌ r dz ʌ n ʌ k a
महसुल	audio	m ʌ ɦ ʌ s u l ʌ
महानगरपालिका	audio	m ʌ ɦ a n ʌ g ʌ r p a l i k a
महानगरपालिकाको	audio	m ʌ ɦ a n ʌ g ʌ r p a l i k a k o
महाभारततूल्य	audio	m ʌ ɦ a bʱ a r ʌ t̪ t̪ u l j ʌ
महाराजगञ्जबाट	audio	m ʌ ɦ a r a dz ʌ g ʌ n dz b a ʈ ʌ
महाराजगञ्जमा	audio	m ʌ ɦ a r a dz ʌ g ʌ n dz m a
महाराजगन्जलाई	audio	m ʌ ɦ a r a dz ʌ g ʌ n dz l a i
महासंघ	audio	m ʌ ɦ a s ʌ ŋ gʱ
महासंघमा	audio	m ʌ ɦ a s ʌ ŋ gʱ m a
महासंघले	audio	m ʌ ɦ a s ʌ ŋ gʱ l e
महोदय	audio	m ʌ ɦ o d̪ ʌ j
माइग्रेसन	audio	m a i g r e s ʌ n ʌ
माओवादी	ours	m a o w a d̪ i
माधवकुमार	audio	m a d̪ʱ ʌ w k u m a r
माध्यम	audio	m a d̪ʱ j ʌ m ʌ
मानबारे	audio	m a n b a r e
मानव	ours	m a n ʌ w
मानसिकता	audio	m a n s i k ʌ t̪ a
मानिसहरूलाई	audio	m a n i s ʌ ɦ ʌ r u l a i
मार्गसम्म	audio	m a r g s ʌ m m ʌ
मार्च	ours	m a r ts
मालपोत	audio	m a l p o t̪
माल्दिभ्स	audio	m a l d̪ i bʱ s
माल्दिभ्समा	audio	m a l d̪ i bʱ s m a
मास्टर्स	audio	m a s ʈ ʌ r s
मिटरभित्र	audio	m i ʈ ʌ r bʱ i t̪ r ʌ
मिटरस्मार्ट	audio	m i ʈ ʌ r ʌ s m a r ʈ
मिडफिल्डर	audio	m i ɖ pʰ i l ɖ ʌ r
मिलाएर	audio	m i l a e r
मुख्यतः	audio	m u kʰ j ʌ t̪ ʌ ɦ
मुख्यालयले	audio	m u kʰ j a l ʌ j l e
मुजफ्फरपुर	audio	m u dz ʌ pʰ pʰ ʌ r p u r
मुमताज	audio	m u m t̪ a dz
मुलरुपमा	audio	m u l r u p m a
मूलबाटोमा	audio	m u l b a ʈ o m a
मूलरूपमा	audio	m u l r u p m a
मेगाहर्जसम्मको	audio	m e g a ɦ ʌ r dz s ʌ m m ʌ k o
मेनेजमेन्ट	audio	m e n e dz m e n ʈ ʌ
मोटरसाइकल	audio	m o ʈ ʌ r s a i k ʌ l
मोटरसाइकलको	audio	m o ʈ ʌ r s a i k ʌ l k o
मोटरसाइकलमा	audio	m o ʈ ʌ r s a i k ʌ l m a
मोटर्सले	audio	m o ʈ ʌ r s l e
मोटोरार्डले	audio	m o ʈ o r a r ɖ l e
मोबाइलबाटै	audio	m o b a i l b a ʈ ʌi
मोबाइल्स	audio	m o b a i l s
मोहन	audio	m o ɦ ʌ n ʌ
मौन	audio	m ʌu n ʌ
मौसमविद्	audio	m ʌu s ʌ m w i d̪
म्याथयो	audio	m j a t̪ʰ j o
म्यादभित्र	audio	m j a d̪ bʱ i t̪ r ʌ
म्यानपावर	audio	m j a n p a w ʌ r
म्यानेजमेन्ट	audio	m j a n e dz m e n ʈ ʌ
म्यानेजमेन्टबाट	audio	m j a n e dz m e n ʈ ʌ b a ʈ ʌ
यसकारण	audio	j ʌ s k a r ʌ n
यसपालि	audio	j ʌ s p a l i
यसबारे	audio	j ʌ s b a r e
यसबाहेक	audio	j ʌ s b a ɦ e k
यसबीचमा	audio	j ʌ s b i ts m a
याङबेन	audio	j a ŋ ʌ b e n
याङबेनको	audio	j a ŋ ʌ b e n k o
यादगार	audio	j a d̪ g a r
युक्रेनबाट	audio	j u k r e n b a ʈ ʌ
युक्रेनमा	audio	j u k r e n m a
युवराज	audio	j u w r a dz
युसेन	audio	j u s e n
योगदान	custom	j o g d̪ a n
योगदानपछि	audio	j o g d̪ a n ʌ p ʌ tsʰ i
योगदानबाट	audio	j o g d̪ a n b a ʈ ʌ
योगदानबापत	audio	j o g d̪ a n ʌ b a p ʌ t̪
योगदानमा	audio	j o g d̪ a n m a
रंगको	audio	r ʌ ŋ g k o
रंगरोगन	audio	r ʌ ŋ g r o g ʌ n
रचनात्मकता	audio	r ʌ ts n a t̪ m ʌ k ʌ t̪ a
रड	audio	r ʌ ɖ ʌ
रणबीर	audio	r ʌ n b i r
रणवीर	audio	r ʌ n w i r
रवीन्द्रसिंह	audio	r ʌ w i n d̪ r ʌ s ĩ ɦ
रहनेछ	audio	r ʌ ɦ n e tsʰ ʌ
राख	audio	r a kʰ ʌ
राखेप	audio	r a kʰ e p ʌ
राखेपबाट	audio	r a kʰ e p ʌ b a ʈ ʌ
राजकुमार	audio	r a dz k u m a r
राजकुमारसहित	audio	r a dz k u m a r ʌ s ʌ ɦ i t̪
राजदरबार	audio	r a dz ʌ d̪ ʌ r b a r
राजदूत	audio	r a dz d̪ u t̪
राजदूतका	audio	r a dz d̪ u t̪ k a
राजनीति	rival	r a dz n i t̪ i
राजनीतिक	rival	r a dz n i t̪ i k
राजनीतिकरूपमा	audio	r a dz n i t̪ i k ʌ r u p m a
राजनीतिका	audio	r a dz n i t̪ i k a
राजनीतिज्ञ	audio	r a dz n i t̪ i g j ʌ
राजनीतिमा	audio	r a dz n i t̪ i m a
राजनीतिलाई	audio	r a dz n i t̪ i l a i
राजनीतिले	audio	r a dz n i t̪ i l e
राजनीतीकरण	audio	r a dz n i t̪ i k ʌ r ʌ n
राजपाल	audio	r a dz p a l
राजमार्ग	rival	r a dz m a r g ʌ
राज्यले	audio	r a dz j l e
राणाकालमै	audio	r a n a k a l m ʌi
रामकिशोर	audio	r a m k i s o r
रामधारी	rival	r a m d̪ʱ a r i
रामधारीका	audio	r a m d̪ʱ a r i k a
रामधारीको	audio	r a m d̪ʱ a r i k o
रामधारीलाई	audio	r a m d̪ʱ a r i l a i
रामधारीले	audio	r a m d̪ʱ a r i l e
राय	audio	r a j
रायमा	audio	r a j m a
रायले	rival	r a j ʌ l e
राहतलगायत	audio	r a ɦ ʌ t̪ ʌ l g a j ʌ t̪
रिक्वेस्ट	audio	r i k w e s ʈ
रिजल्ट	audio	r i dz ʌ l ʈ
रिप्लेसमेन्ट	audio	r i p l e s m e n ʈ ʌ
रुचिरहेको	audio	r u ts i r ɦ e k o
रूपमै	audio	r u p m ʌi
रेकर्ड	loanwords.txt	r e k ʌ r ɖ
रेखदेख	audio	r e kʰ d̪ e kʰ
रेखदेखको	audio	r e kʰ d̪ e kʰ k o
रेखमाया	audio	r e kʰ m a j a
रेडिएसनमार्फत	audio	r e ɖ i e s ʌ n m a r pʰ ʌ t̪
रेन्ज	audio	r e n dz
रेन्जमा	audio	r e n dz m a
रेमिट्यान्स	rival	r e m i ʈ j a n s
रेमिट्यान्सका	audio	r e m i ʈ j a n s k a
रेमिट्यान्सको	audio	r e m i ʈ j a n s k o
रेमिट्यान्समा	audio	r e m i ʈ j a n s m a
रेमिट्यान्सलाई	audio	r e m i ʈ j a n s l a i
रेस्टुरेन्ट	audio	r e s ʈ u r e n ʈ
रेस्पेक्ट	audio	r e s p e k ʈ
रोकथाम	audio	r o k t̪ʰ a m
रोकथाममा	audio	r o k t̪ʰ a m m a
रोकिन	audio	r o k i n ʌ
रोगजारले	audio	r o g dz a r l e
रोजगार	audio	r o dz g a r
रोजगारका	audio	r o dz g a r k a
रोजगारबाट	audio	r o dz g a r b a ʈ ʌ
रोजगारमा	audio	r o dz g a r m a
रोजगारी	audio	r o dz g a r i
रोजगारीका	audio	r o dz g a r i k a
रोजगारीको	audio	r o dz g a r i k o
रोजगारीमा	audio	r o dz g a r i m a
रोल	audio	r o l ʌ
लकडाउन	audio	l ʌ k ʌ ɖ a u n
लकडाउनकै	audio	l ʌ k ɖ a u n ʌ k ʌi
लखनकी	audio	l ʌ kʰ ʌ n ʌ k i
लञ्च	audio	l ʌ n ts
लफडा	audio	l ʌ pʰ ɖ a
लयमा	audio	l ʌ j m a
ललितपुर	audio	l ʌ l i t̪ p u r
ललितपुरको	audio	l ʌ l i t̪ p u r k o
ललितपुरमा	audio	l ʌ l i t̪ p u r m a
लसुन	ours	l ʌ s u n
लहडमा	audio	l ʌ ɦ ʌ ɖ ʌ m a
लाइफलाइन	audio	l a i pʰ l a i n
लाइफलाइनले	audio	l a i pʰ l a i n l e
लाइसेन्स	audio	l a i s e n s
लाइसेन्सका	audio	l a i s e n s k a
लागिरहेको	audio	l a g i r ɦ e k o
लान	audio	l a n ʌ
लापरवाहीका	audio	l a p ʌ r w a ɦ i k a
लाभदायक	audio	l a bʱ d̪ a j ʌ k
लामखुट्टेका	audio	l a m kʰ u ʈ ʈ e k a
लामखुट्टेको	audio	l a m kʰ u ʈ ʈ e k o
लायक	audio	l a j ʌ k ʌ
लालकिल्ला	audio	l a l k i l l a
लालनपालन	audio	l a l ʌ n p a l ʌ n
लाष्टमा	audio	l a s ʈ m a
लिइरहेका	audio	l i i r ɦ e k a
लिइरहेको	audio	l i i r ɦ e k o
लिङ्देन	audio	l i ŋ d̪ e n
लिङ्देनले	audio	l i ŋ d̪ e n l e
लिटरेचरमा	audio	l i ʈ r e ts ʌ r m a
लिन	rival	l i n ʌ
लिनबाट	audio	l i n ʌ b a ʈ ʌ
लुक्समा	audio	l u k s m a
लुपहोल	audio	l u p ɦ o l
लेन	audio	l e n
लेनको	audio	l e n k o
लेनले	audio	l e n l e
लेनहरू	audio	l e n ɦ ʌ r u
लैजान	audio	l ʌi dz a n ʌ
लोकतान्त्रिक	audio	l o k t̪ a n t̪ r i k
लोकमान	audio	l o k m a n
लोकराज	audio	l o k r a dz
लोडसेडिङ	rival	l o ɖ s e ɖ i ŋ
लोडसेडिङको	audio	l o ɖ s e ɖ i ŋ k o
लोडसेडिङमुक्त	audio	l o ɖ s e ɖ i ŋ ʌ m u k t̪ ʌ
लोडसेडिङले	audio	l o ɖ s e ɖ i ŋ l e
लोडसेडिङविरुद्ध	audio	l o ɖ s e ɖ i ŋ ʌ w i r u d̪ d̪ʱ ʌ
ल्याइरहेका	audio	l j a i r ɦ e k a
ल्याबरेटोरी	audio	l j a b r e ʈ o r i
वरपरका	rival	w ʌ r ʌ p ʌ r ʌ k a
वरपरको	audio	b ʌ r ʌ p ʌ r ʌ k o
वर्क	audio	b ʌ r k
वर्गीयले	audio	b ʌ r g i j l e
वर्ल्ड	rival	w ʌ r l ɖ
वर्ल्डः	custom	w ʌ r l ɖ ʌ ɦ
वर्ल्डकन	custom	w ʌ r l ɖ ʌ k ʌ n
वर्ल्डकम	custom	w ʌ r l ɖ ʌ k ʌ m
वर्ल्डक्याट	custom	w ʌ r l ɖ ʌ k j a ʈ
वर्ल्डद्वारा	custom	w ʌ r l ɖ ʌ d̪ w a r a
वर्ल्डनेटडेली	custom	w ʌ r l ɖ ʌ n e ʈ ʌ ɖ e l i
वर्ल्डप्राइड	custom	w ʌ r l ɖ ʌ p r a i ɖ
वर्ल्डफेस्ट	custom	w ʌ r l ɖ ʌ pʰ e s ʈ ʌ
वर्ल्डबिट	custom	w ʌ r l ɖ ʌ b i ʈ
वर्ल्डभिजन	custom	w ʌ r l ɖ ʌ bʱ i dz ʌ n
वर्ल्डभ्यु	custom	w ʌ r l ɖ ʌ bʱ j u
वर्ल्डवाइड	custom	w ʌ r l ɖ ʌ w a i ɖ
वर्ल्डवाच	custom	w ʌ r l ɖ ʌ w a ts
वर्ल्ड्स	custom	w ʌ r l ɖ s ʌ
वर्ल्ड्सः	custom	w ʌ r l ɖ s ʌ ɦ
वा	rival	w a
वाइटुक	custom	w a i ʈ u k
वाइन	custom	w a i n
वाइनः	custom	w a i n ɦ
वाइनकफ	custom	w a i n ʌ k ʌ pʰ
वाइनगर	custom	w a i n ʌ g ʌ r
वाइनग्लास	custom	w a i n ʌ g l a s
वाइनद्वारा	custom	w a i n ʌ d̪ w a r a
वाइनप्रेस	custom	w a i n ʌ p r e s
वाइनफ्रिड	custom	w a i n ʌ pʰ r i ɖ
वाइनफ्रेड	custom	w a i n ʌ pʰ r e ɖ
वाइनफ्रेडको	custom	w a i n ʌ pʰ r e ɖ k o
वाइनफ्रेडले	custom	w a i n ʌ pʰ r e ɖ l e
वाइनमेकर	custom	w a i n ʌ m e k ʌ r
वाइनमेकरको	custom	w a i n ʌ m e k ʌ r k o
वाइनमेकिङ	custom	w a i n ʌ m e k i ŋ
वाइनयार्ड	custom	w a i n ʌ j a r ɖ ʌ
वाइनयार्डको	custom	w a i n ʌ j a r ɖ ʌ k o
वाइनयार्डमा	custom	w a i n ʌ j a r ɖ ʌ m a
वाइनर	custom	w a i n ʌ r
वाइनरको	custom	w a i n ʌ r k o
वाइनरद्वारा	custom	w a i n ʌ r ʌ d̪ w a r a
वाइनरलाई	custom	w a i n ʌ r l a i
वाइनरले	custom	w a i n ʌ r l e
वाइनरहरू	custom	w a i n ʌ r ɦ ʌ r u
वाइनरी	custom	w a i n ʌ r i
वाइनरीका	custom	w a i n ʌ r i k a
वाइनरीको	custom	w a i n ʌ r i k o
वाइनरीद्वारा	custom	w a i n ʌ r i d̪ w a r a
वाइनरीबाट	custom	w a i n ʌ r i b a ʈ ʌ
वाइनरीमा	custom	w a i n ʌ r i m a
वाइनरीलाई	custom	w a i n ʌ r i l a i
वाइनरीले	custom	w a i n ʌ r i l e
वाइनरीसँग	custom	w a i n ʌ r i s ʌ̃ g ʌ
वाइनरीहरू	custom	w a i n ʌ r i ɦ ʌ r u
वाइनरीहरूका	custom	w a i n ʌ r i ɦ ʌ r u k a
वाइनरीहरूको	custom	w a i n ʌ r i ɦ ʌ r u k o
वाइनरीहरूद्वारा	custom	w a i n ʌ r i ɦ ʌ r u d̪ w a r a
वाइनरीहरूबाट	custom	w a i n ʌ r i ɦ ʌ r u b a ʈ ʌ
वाइनरीहरूमा	custom	w a i n ʌ r i ɦ ʌ r u m a
वाइनरीहरूलाई	custom	w a i n ʌ r i ɦ ʌ r u l a i
वाइनरीहरूले	custom	w a i n ʌ r i ɦ ʌ r u l e
वाइनसबर्ग	custom	w a i n ʌ s ʌ b ʌ r g ʌ
वाइनसहित	custom	w a i n ʌ s ʌ ɦ i t̪
वाइनस्किन	custom	w a i n ʌ s k i n
वाइनस्टाइन	custom	w a i n ʌ s ʈ a i n
वाइनस्टाइनका	custom	w a i n ʌ s ʈ a i n k a
वाइनस्टाइनको	custom	w a i n ʌ s ʈ a i n k o
वाइनस्टाइनद्वारा	custom	w a i n ʌ s ʈ a i n ʌ d̪ w a r a
वाइनस्टाइनलाई	custom	w a i n ʌ s ʈ a i n l a i
वाइनस्टाइनले	custom	w a i n ʌ s ʈ a i n l e
वाइनस्टाइनसँग	custom	w a i n ʌ s ʈ a i n s ʌ̃ g ʌ
वाइनस्टीन	custom	w a i n ʌ s ʈ i n
वाइनहाउस	custom	w a i n ʌ ɦ a u s
वाइनहाउसका	custom	w a i n ʌ ɦ a u s k a
वाइनहाउसको	custom	w a i n ʌ ɦ a u s k o
वाइनहाउसलाई	custom	w a i n ʌ ɦ a u s l a i
वाइनहाउसले	custom	w a i n ʌ ɦ a u s l e
वाइनिक	custom	w a i n i k
वाइनिङ	custom	w a i n i ŋ
वाइनी	custom	w a i n i
वाइने	custom	w a i n e
वाइनेकपले	custom	w a i n e k ʌ p l e
वाइनेट	custom	w a i n e ʈ
वाइनेटको	custom	w a i n e ʈ k o
वाइनेटद्वारा	custom	w a i n e ʈ ʌ d̪ w a r a
वाइनेटले	custom	w a i n e ʈ l e
वाइनेटसँग	custom	w a i n e ʈ s ʌ̃ g ʌ
वाइनेफिल्ड	custom	w a i n e pʰ i l ɖ ʌ
वाइनो	custom	w a i n o
वाइनोना	custom	w a i n o n a
वाइनोनी	custom	w a i n o n i
वाइन्ज	custom	w a i n dz ʌ
वाइन्ड	custom	w a i n ɖ ʌ
वाइन्डिङ	custom	w a i n ɖ i ŋ
वाइन्डिङका	custom	w a i n ɖ i ŋ k a
वाइन्डिङको	custom	w a i n ɖ i ŋ k o
वाइन्डिङबाट	custom	w a i n ɖ i ŋ b a ʈ ʌ
वाइन्डिङमा	custom	w a i n ɖ i ŋ m a
वाइन्डिङलाई	custom	w a i n ɖ i ŋ l a i
वाइन्डिङले	custom	w a i n ɖ i ŋ l e
वाइन्डिङसँग	custom	w a i n ɖ i ŋ s ʌ̃ g ʌ
वाइन्डिङहरू	custom	w a i n ɖ i ŋ ɦ ʌ r u
वाइन्डिङहरूको	custom	w a i n ɖ i ŋ ɦ ʌ r u k o
वाइन्स	custom	w a i n s ʌ
वाइन्सटाइन	custom	w a i n s ʌ ʈ a i n
वाइफ	custom	w a i pʰ
वाइफपी	custom	w a i pʰ ʌ p i
वाइफा	custom	w a i pʰ a
वाइफाइ	custom	w a i pʰ a i
वाइफाइका	custom	w a i pʰ a i k a
वाइफाइको	custom	w a i pʰ a i k o
वाइफाइमा	custom	w a i pʰ a i m a
वाइफाइलाई	custom	w a i pʰ a i l a i
वाइफाइले	custom	w a i pʰ a i l e
वाइफाई	custom	w a i pʰ a i
वाइफी	custom	w a i pʰ i
वाइफु	custom	w a i pʰ u
वाइफेरिक	custom	w a i pʰ e r i k
वाइफोल्ड	custom	w a i pʰ o l ɖ ʌ
वाइफ्रेडो	custom	w a i pʰ r e ɖ o
वाइफ्स	custom	w a i pʰ s ʌ
वाक्नु	custom	w a k n u
वाक्य	audio	b a k j
वाङ्ला	ours	b a ŋ l a
वाट्सएप	custom	w a ʈ s ʌ e p
वायरिङ	custom	w a j ʌ r i ŋ
वायरिङमा	custom	w a j r i ŋ m a
वारपार	audio	b a r p a r
वार्ड	custom	w a r ɖ
वार्डः	custom	w a r ɖ ʌ ɦ
वार्डअन्तर्गत	custom	w a r ɖ ʌ ʌ n t̪ ʌ r g ʌ t̪
वार्डटाउन	custom	w a r ɖ ʌ ʈ a u n ʌ
वार्डद्वारा	custom	w a r ɖ ʌ d̪ w a r a
वार्डन	custom	w a r ɖ ʌ n
वार्डनः	custom	w a r ɖ ʌ n ɦ
वार्डनका	custom	w a r ɖ ʌ n k a
वार्डनकी	custom	w a r ɖ ʌ n k i
वार्डनको	custom	w a r ɖ ʌ n k o
वार्डनद्वारा	custom	w a r ɖ ʌ n ʌ d̪ w a r a
वार्डनबाट	custom	w a r ɖ ʌ n b a ʈ ʌ
वार्डनमा	custom	w a r ɖ ʌ n m a
वार्डनर	custom	w a r ɖ ʌ n ʌ r
वार्डनलाई	custom	w a r ɖ ʌ n l a i
वार्डनले	custom	w a r ɖ ʌ n l e
वार्डनसँग	custom	w a r ɖ ʌ n s ʌ̃ g ʌ
वार्डनहरू	custom	w a r ɖ ʌ n ɦ ʌ r u
वार्डनहरूको	custom	w a r ɖ ʌ n ɦ ʌ r u k o
वार्डनहरूद्वारा	custom	w a r ɖ ʌ n ʌ ɦ ʌ r u d̪ w a r a
वार्डनहरूलाई	custom	w a r ɖ ʌ n ɦ ʌ r u l a i
वार्डनहरूले	custom	w a r ɖ ʌ n ɦ ʌ r u l e
वार्डपछि	custom	w a r ɖ ʌ p ʌ tsʰ i
वार्डभित्र	custom	w a r ɖ ʌ bʱ i t̪ r ʌ
वार्डमध्ये	custom	w a r ɖ ʌ m ʌ d̪ʱ j e
वार्डमा	custom	w a r ɖ m a
वार्डम्यान	custom	w a r ɖ ʌ m j a n
वार्डम्यानले	custom	w a r ɖ ʌ m j a n l e
वार्डर	custom	w a r ɖ ʌ r
वार्डरको	custom	w a r ɖ ʌ r k o
वार्डरलाई	custom	w a r ɖ ʌ r l a i
वार्डरले	custom	w a r ɖ ʌ r l e
वार्डरहरू	custom	w a r ɖ ʌ r ɦ ʌ r u
वार्डरहरूको	custom	w a r ɖ ʌ r ɦ ʌ r u k o
वार्डरहरूलाई	custom	w a r ɖ ʌ r ɦ ʌ r u l a i
वार्डरहरूले	custom	w a r ɖ ʌ r ɦ ʌ r u l e
वार्डरुम	custom	w a r ɖ ʌ r u m
वार्डरूममा	custom	w a r ɖ ʌ r u m m a
वार्डरोप	custom	w a r ɖ ʌ r o p
वार्डरोपले	custom	w a r ɖ ʌ r o p l e
वार्डरोब	custom	w a r ɖ ʌ r o b
वार्डरोबका	custom	w a r ɖ ʌ r o b k a
वार्डरोबको	custom	w a r ɖ ʌ r o b k o
वार्डरोबबाट	custom	w a r ɖ ʌ r o b b a ʈ ʌ
वार्डरोबमा	custom	w a r ɖ ʌ r o b m a
वार्डरोबलाई	custom	w a r ɖ ʌ r o b l a i
वार्डरोबले	custom	w a r ɖ ʌ r o b l e
वार्डरोबहरू	custom	w a r ɖ ʌ r o b ɦ ʌ r u
वार्डल	custom	w a r ɖ ʌ l
वार्डलको	custom	w a r ɖ ʌ l k o
वार्डलद्वारा	custom	w a r ɖ ʌ l ʌ d̪ w a r a
वार्डललाई	custom	w a r ɖ ʌ l l a i
वार्डलले	custom	w a r ɖ ʌ l l e
वार्डलाले	custom	w a r ɖ ʌ l a l e
वार्डली	custom	w a r ɖ ʌ l i
वार्डलॉ	custom	w a r ɖ ʌ l
वार्डलो	custom	w a r ɖ ʌ l o
वार्डलोले	custom	w a r ɖ ʌ l o l e
वार्डवेल	custom	w a r ɖ ʌ w e l
वार्डसँगै	custom	w a r ɖ ʌ s ʌ̃ g ʌi
वार्डसहित	custom	w a r ɖ ʌ s ʌ ɦ i t̪
वार्डसिप	custom	w a r ɖ ʌ s i p
वार्डसिपको	custom	w a r ɖ ʌ s i p k o
वार्डसिपमा	custom	w a r ɖ ʌ s i p m a
वार्डहरूः	custom	w a r ɖ ʌ ɦ ʌ r u ɦ
वार्डहरूद्वारा	custom	w a r ɖ ʌ ɦ ʌ r u d̪ w a r a
वार्डियन	custom	w a r ɖ i j ʌ n
वार्डिल	custom	w a r ɖ i l
वार्डिस	custom	w a r ɖ i s
वार्डी	custom	w a r ɖ i
वार्डीको	custom	w a r ɖ i k o
वार्डीलाई	custom	w a r ɖ i l a i
वार्डीले	custom	w a r ɖ i l e
वार्डे	custom	w a r ɖ e
वार्डेन	custom	w a r ɖ e n
वार्डेनक्लिफ	custom	w a r ɖ e n ʌ k l i pʰ
वार्डेनबर्ग	custom	w a r ɖ e n ʌ b ʌ r g ʌ
वार्डेनिस	custom	w a r ɖ e n i s
वार्डेन्सिप	custom	w a r ɖ e n s i p
वार्डेल	custom	w a r ɖ e l
वार्डेलको	custom	w a r ɖ e l k o
वार्डेलद्वारा	custom	w a r ɖ e l ʌ d̪ w a r a
वार्डेललाई	custom	w a r ɖ e l l a i
वार्डेलले	custom	w a r ɖ e l l e
वार्डेले	custom	w a r ɖ e l e
वार्डो	custom	w a r ɖ o
वार्डोर	custom	w a r ɖ o r
वार्डोरको	custom	w a r ɖ o r k o
वार्डोरले	custom	w a r ɖ o r l e
वार्ड्रप	custom	w a r ɖ r ʌ p
वार्ड्रपको	custom	w a r ɖ r ʌ p k o
वार्ड्स	custom	w a r ɖ s ʌ
वालपेपर	rival	w a l p e p ʌ r
वालपेपरको	custom	w a l p e p ʌ r k o
वालमार्ट	custom	w a l ʌ m a r ʈ ʌ
वालमार्टद्वारा	custom	w a l ʌ m a r ʈ ʌ d̪ w a r a
वास्तविकता	audio	b a s t̪ ʌ w i k t̪ a
वास्तविकतालाई	audio	b a s t̪ ʌ w i k t̪ a l a i
विकको	audio	b i k ʌ k o
विकटताले	audio	b i k ʌ ʈ t̪ a l e
विकराल	audio	b i k ʌ r a l ʌ
विकले	audio	b i k ʌ l e
विकासबारे	audio	b i k a s b a r e
विकिको	custom	w i k i k o
विकिपिडिया	custom	w i k i p i ɖ i j a
विकिपिडियाः	custom	w i k i p i ɖ i j a ɦ
विकिपिडियाअनुसार	custom	w i k i p i ɖ i j a ʌ n u s a r
विकी	custom	w i k i
विखण्डनको	audio	b i kʰ ʌ n ɖ ʌ n ʌ k o
विजय	audio	b i dz ʌ j
विडूर	ours	b i ɖ u r
विदयार्थी	audio	b i d̪ j a r t̪ʰ i
विदयार्थीलाई	audio	b i d̪ j a r t̪ʰ i l a i
विदयालयका	audio	b i d̪ j a l ʌ j ʌ k a
विदयुत	audio	b i d̪ j u t̪
विद्यालय	audio	b i d̪ j a l ʌ j
विद्युतगृह	audio	b i d̪ j u t̪ g r i ɦ ʌ
विनय	audio	b i n ʌ j
विनासकारी	audio	b i n a s k a r i
विन्डोज	custom	w i n ɖ o dz
विन्डोजद्वारा	custom	w i n ɖ o dz ʌ d̪ w a r a
विन्डोजहरूद्वारा	custom	w i n ɖ o dz ʌ ɦ ʌ r u d̪ w a r a
विराटनगर	wiktionary	b i r a ʈ n ʌ g ʌ r
विवेकमाथि	audio	b i w e k m a t̪ʰ i
विवेकशील	audio	b i w e k s i l
विशेषता	audio	b i s e s t̪ a
विशेषताअनुसार	audio	b i s e s t̪ a ʌ n u s a r
विशेषताहरू	audio	b i s e s t̪ a ɦ ʌ r u
विशेषताहरूको	audio	b i s e s t̪ a ɦ ʌ r u k o
विश्वविदयालय	audio	b i s w ʌ w i d̪ j a l ʌ j ʌ
विश्वासमाथि	audio	b i s w a s m a t̪ʰ i
विषय	rival	b i s ʌ j
विषयबारे	custom	p r i j ʌ
विषयमा	rival	b i s ʌ j m a
विषयलाई	audio	b i s ʌ j l a i
विषयहरू	audio	b i s ʌ j ɦ ʌ r u
विषयहरूलाई	audio	b i s ʌ j ɦ ʌ r u l a i
वीर	audio	b i r ʌ
वीरगन्ज	audio	b i r ʌ g ʌ n dz
वेब	custom	w e b
वेबः	custom	w e b ɦ
वेबअ्याप	custom	w e b ʌ ʌ j a p
वेबआरटीसी	custom	w e b ʌ a r ʌ ʈ i s i
वेबएम	custom	w e b ʌ e m
वेबएमडी	custom	w e b ʌ e m ʌ ɖ i
वेबएसेम्बली	custom	w e b ʌ e s e m b ʌ l i
वेबकमिक	custom	w e b ʌ k ʌ m i k
वेबकमिकका	custom	w e b ʌ k ʌ m i k k a
वेबकमिकको	custom	w e b ʌ k ʌ m i k k o
वेबकमिकमा	custom	w e b ʌ k ʌ m i k m a
वेबकमिकलाई	custom	w e b ʌ k ʌ m i k l a i
वेबकमिकले	custom	w e b ʌ k ʌ m i k l e
वेबकमिक्स	custom	w e b ʌ k ʌ m i k s ʌ
वेबकमिक्सका	custom	w e b ʌ k ʌ m i k s ʌ k a
वेबकमिक्सको	custom	w e b ʌ k ʌ m i k s ʌ k o
वेबकमिक्समा	custom	w e b ʌ k ʌ m i k s ʌ m a
वेबकमिक्सहरू	custom	w e b ʌ k ʌ m i k s ʌ ɦ ʌ r u
वेबकास्ट	custom	w e b ʌ k a s ʈ ʌ
वेबकास्टको	custom	w e b ʌ k a s ʈ ʌ k o
वेबकास्टमा	custom	w e b ʌ k a s ʈ ʌ m a
वेबकास्टर	custom	w e b ʌ k a s ʈ ʌ r
वेबकास्टहरू	custom	w e b ʌ k a s ʈ ʌ ɦ ʌ r u
वेबकास्टिङ	custom	w e b ʌ k a s ʈ i ŋ
वेबकिट	custom	w e b ʌ k i ʈ
वेबकैम	custom	w e b ʌ k ʌi m
वेबकॉमिक	custom	w e b ʌ k ʌ m i k
वेबकोर	custom	w e b ʌ k o r
वेबक्ट	custom	w e b ʌ k ʈ ʌ
वेबक्याप	custom	w e b ʌ k j a p
वेबक्याम	custom	w e b ʌ k j a m
वेबक्यामको	custom	w e b ʌ k j a m k o
वेबक्याममा	custom	w e b ʌ k j a m m a
वेबक्यामहरू	custom	w e b ʌ k j a m ɦ ʌ r u
वेबक्वेस्ट	custom	w e b ʌ k w e s ʈ ʌ
वेबजिन	custom	w e b ʌ dz i n
वेबजिनका	custom	w e b ʌ dz i n k a
वेबजिनको	custom	w e b ʌ dz i n k o
वेबजिनले	custom	w e b ʌ dz i n l e
वेबटिभी	custom	w e b ʌ ʈ i bʱ i
वेबटुन	custom	w e b ʌ ʈ u n
वेबटून	custom	w e b ʌ ʈ u n
वेबटूनको	custom	w e b ʌ ʈ u n k o
वेबटूनमा	custom	w e b ʌ ʈ u n m a
वेबडाभ	custom	w e b ʌ ɖ a bʱ
वेबडेन	custom	w e b ʌ ɖ e n ʌ
वेबडेभ	custom	w e b ʌ ɖ e bʱ
वेबद्वारा	custom	w e b ʌ d̪ w a r a
वेबपी	custom	w e b ʌ p i
वेबपृष्ठ	custom	w e b ʌ p r i s ʈʰ ʌ
वेबपृष्ठको	custom	w e b ʌ p r i s ʈʰ ʌ k o
वेबपृष्ठमा	custom	w e b ʌ p r i s ʈʰ ʌ m a
वेबपृष्ठले	custom	w e b ʌ p r i s ʈʰ ʌ l e
वेबपृष्ठहरू	custom	w e b ʌ p r i s ʈʰ ʌ ɦ ʌ r u
वेबपृष्ठहरूको	custom	w e b ʌ p r i s ʈʰ ʌ ɦ ʌ r u k o
वेबपृष्ठहरूमा	custom	w e b ʌ p r i s ʈʰ ʌ ɦ ʌ r u m a
वेबपेज	custom	w e b ʌ p e dz
वेबपेजका	custom	w e b ʌ p e dz k a
वेबपेजको	custom	w e b ʌ p e dz k o
वेबपेजबाट	custom	w e b ʌ p e dz b a ʈ ʌ
वेबपेजमा	custom	w e b ʌ p e dz m a
वेबपेजले	custom	w e b ʌ p e dz l e
वेबपेजहरू	custom	w e b ʌ p e dz ɦ ʌ r u
वेबफुट	custom	w e b ʌ pʰ u ʈ
वेबब	custom	w e b ʌ b
वेबबजेक्ट्स	custom	w e b ʌ b ʌ dz e k ʈ s ʌ
वेबबिङ	custom	w e b ʌ b i ŋ
वेबबिङको	custom	w e b ʌ b i ŋ k o
वेबबी	custom	w e b ʌ b i
वेबबीः	custom	w e b ʌ b i ɦ
वेबबे	custom	w e b ʌ b e
वेबबेड	custom	w e b ʌ b e ɖ
वेबब्जेक्टहरू	custom	w e b ʌ b dz e k ʈ ʌ ɦ ʌ r u
वेबब्जेक्ट्स	custom	w e b ʌ b dz e k ʈ s ʌ
वेबभरि	custom	w e b ʌ bʱ ʌ r i
वेबमास्टर	custom	w e b ʌ m a s ʈ ʌ r
वेबमास्टरको	custom	w e b ʌ m a s ʈ ʌ r k o
वेबमास्टरले	custom	w e b ʌ m a s ʈ ʌ r l e
वेबमास्टरहरूलाई	custom	w e b ʌ m a s ʈ ʌ r ɦ ʌ r u l a i
वेबमास्टरहरूले	custom	w e b ʌ m a s ʈ ʌ r ɦ ʌ r u l e
वेबमेट्रिक्स	custom	w e b ʌ m e ʈ r i k s ʌ
वेबमेल	custom	w e b ʌ m e l
वेबर	custom	w e b ʌ r
वेबरः	custom	w e b ʌ r ɦ
वेबरका	custom	w e b ʌ r k a
वेबरकी	custom	w e b ʌ r k i
वेबरको	custom	w e b ʌ r k o
वेबरद्वारा	custom	w e b ʌ r ʌ d̪ w a r a
वेबरबाट	custom	w e b ʌ r b a ʈ ʌ
वेबरभन्दा	custom	w e b ʌ r bʱ ʌ n d̪ a
वेबरमा	custom	w e b ʌ r m a
वेबरलाई	custom	w e b ʌ r l a i
वेबरले	custom	w e b ʌ r l e
वेबरसँग	custom	w e b ʌ r s ʌ̃ g ʌ
वेबरहरू	custom	w e b ʌ r ɦ ʌ r u
वेबर्न	custom	w e b ʌ r n ʌ
वेबर्नका	custom	w e b ʌ r n ʌ k a
वेबर्नको	custom	w e b ʌ r n ʌ k o
वेबर्नमा	custom	w e b ʌ r n ʌ m a
वेबर्नले	custom	w e b ʌ r n ʌ l e
वेबल	custom	w e b ʌ l
वेबलग	custom	w e b ʌ l ʌ g
वेबलगमा	custom	w e b ʌ l ʌ g m a
वेबलगहरू	custom	w e b ʌ l ʌ g ɦ ʌ r u
वेबवर्म	custom	w e b ʌ w ʌ r m ʌ
वेबस	custom	w e b ʌ s
वेबसाइट	custom	w e b s a i ʈ
वेबसाइटः	custom	w e b ʌ s a i ʈ ɦ
वेबसाइटअनुसार	custom	w e b ʌ s a i ʈ ʌ ʌ n u s a r
वेबसाइटका	custom	w e b s a i ʈ k a
वेबसाइटको	custom	w e b s a i ʈ k o
वेबसाइटद्वारा	custom	w e b ʌ s a i ʈ ʌ d̪ w a r a
वेबसाइटबाट	rival	w e b s a i ʈ b a ʈ ʌ
वेबसाइटबाटः	custom	w e b ʌ s a i ʈ ʌ b a ʈ ɦ
वेबसाइटभित्र	custom	w e b ʌ s a i ʈ ʌ bʱ i t̪ r ʌ
वेबसाइटमा	rival	w e b s a i ʈ m a
वेबसाइटमार्फत	custom	w e b ʌ s a i ʈ ʌ m a r pʰ ʌ t̪
वेबसाइटलाई	custom	w e b s a i ʈ l a i
वेबसाइटले	custom	w e b s a i ʈ l e
वेबसाइटसहित	custom	w e b ʌ s a i ʈ ʌ s ʌ ɦ i t̪
वेबसाइटहरु	custom	w e b s a i ʈ ʌ ɦ ʌ r u
वेबसाइटहरूः	custom	w e b ʌ s a i ʈ ʌ ɦ ʌ r u ɦ
वेबसाइटहरूद्वारा	custom	w e b ʌ s a i ʈ ʌ ɦ ʌ r u d̪ w a r a
वेबसेसन	custom	w e b ʌ s e s ʌ n
वेबसोडहरू	custom	w e b ʌ s o ɖ ɦ ʌ r u
वेबसोडहरूको	custom	w e b ʌ s o ɖ ɦ ʌ r u k o
वेबसोडहरूमा	custom	w e b ʌ s o ɖ ɦ ʌ r u m a
वेबसोड्स	custom	w e b ʌ s o ɖ s ʌ
वेबस्टर	custom	w e b ʌ s ʈ ʌ r
वेबस्टरः	custom	w e b ʌ s ʈ ʌ r ɦ
वेबस्टरका	custom	w e b ʌ s ʈ ʌ r k a
वेबस्टरकी	custom	w e b ʌ s ʈ ʌ r k i
वेबस्टरको	custom	w e b ʌ s ʈ ʌ r k o
वेबस्टरद्वारा	custom	w e b ʌ s ʈ ʌ r ʌ d̪ w a r a
वेबस्टरबाट	custom	w e b ʌ s ʈ ʌ r b a ʈ ʌ
वेबस्टरमा	custom	w e b ʌ s ʈ ʌ r m a
वेबस्टरलाई	custom	w e b ʌ s ʈ ʌ r l a i
वेबस्टरले	custom	w e b ʌ s ʈ ʌ r l e
वेबस्टरसँग	custom	w e b ʌ s ʈ ʌ r s ʌ̃ g ʌ
वेबस्टोर	custom	w e b ʌ s ʈ o r
वेबस्टोरमा	custom	w e b ʌ s ʈ o r m a
वेबस्ट्रीम	custom	w e b ʌ s ʈ r i m
वेबस्फेयर	custom	w e b ʌ s pʰ e j ʌ r
वेबाट	custom	w e b a ʈ
वेबिङ	custom	w e b i ŋ
वेबिङको	custom	w e b i ŋ k o
वेबिट	custom	w e b i ʈ
वेबिनार	custom	w e b i n a r
वेबिनारमा	custom	w e b i n a r m a
वेबिनारहरू	custom	w e b i n a r ɦ ʌ r u
वेबिनारहरूको	custom	w e b i n a r ɦ ʌ r u k o
वेबिल	custom	w e b i l
वेबिलहरू	custom	w e b i l ɦ ʌ r u
वेबी	custom	w e b i
वेबुल	custom	w e b u l
वेबे	custom	w e b e
वेबेक्स	custom	w e b e k s ʌ
वेबेरियन	custom	w e b e r i j ʌ n
वेबेरी	custom	w e b e r i
वेबेल	custom	w e b e l
वेबेले	custom	w e b e l e
वेबेलोस	custom	w e b e l o s
वेबोज	custom	w e b o dz
वेबोर्न	custom	w e b o r n ʌ
वेबोस	custom	w e b o s
वेब्ड	custom	w e b ɖ ʌ
वेब्याक	custom	w e b j a k
वेब्रिज	custom	w e b r i dz
वेब्ली	custom	w e b l i
वेब्लीले	custom	w e b l i l e
वेब्ले	custom	w e b l e
वेब्स्टर	custom	w e b s ʈ ʌ r
वेलनेस	custom	w e l ʌ n e s
वेलनेसले	custom	w e l ʌ n e s ʌ l e
वेलिङ्टन	custom	w e l i ŋ ʈ ʌ n
वेल्स	custom	w e l s ʌ
वेल्सः	custom	w e l s ʌ ɦ
वेल्सद्वारा	custom	w e l s ʌ d̪ w a r a
वेल्सपुल	custom	w e l s ʌ p u l
वेल्सपुलको	custom	w e l s ʌ p u l k o
वेल्सपुलमा	custom	w e l s ʌ p u l m a
वेल्सफोर्ड	custom	w e l s ʌ pʰ o r ɖ ʌ
वेल्सबर्ग	custom	w e l s ʌ b ʌ r g ʌ
वेल्सबाख	custom	w e l s ʌ b a kʰ
वेल्सबिच	custom	w e l s ʌ b i ts
वेल्सबिचको	custom	w e l s ʌ b i ts k o
वेल्सबी	custom	w e l s ʌ b i
वेल्सबीले	custom	w e l s ʌ b i l e
वेल्सबोरो	custom	w e l s ʌ b o r o
वेल्सबोर्न	custom	w e l s ʌ b o r n ʌ
वेल्सभरि	custom	w e l s ʌ bʱ ʌ r i
वेल्सभित्र	custom	w e l s ʌ bʱ i t̪ r ʌ
वेल्सभिल	custom	w e l s ʌ bʱ i l
वेल्सभिलको	custom	w e l s ʌ bʱ i l k o
वेल्सभिलमा	custom	w e l s ʌ bʱ i l m a
वेल्समाथि	custom	w e l s ʌ m a t̪ʰ i
वेल्सम्यान	custom	w e l s ʌ m j a n
वेल्सर	custom	w e l s ʌ r
वेल्सली	custom	w e l s ʌ l i
वेल्सवर्थ	custom	w e l s ʌ w ʌ r t̪ʰ ʌ
वेल्सविरुद्ध	custom	w e l s ʌ w i r u d̪ d̪ʱ ʌ
वेल्ससहित	custom	w e l s ʌ s ʌ ɦ i t̪
वेल्सेर	custom	w e l s e r ʌ
वेल्स्ली	custom	w e l s l i
वेल्स्लीको	custom	w e l s l i k o
वेल्स्लीले	custom	w e l s l i l e
वेल्स्ले	custom	w e l s l e
वेवसाइट	audio	b e w s a i ʈ
वेस्टमिनिस्टर	custom	w e s ʈ ʌ m i n i s ʈ ʌ r
वेस्टर्न	custom	w e s ʈ ʌ r n ʌ
वेस्टर्नद्वारा	custom	w e s ʈ ʌ r n ʌ d̪ w a r a
वेस्टर्नपोर्ट	custom	w e s ʈ ʌ r n ʌ p o r ʈ ʌ
वेस्टर्नर्स	custom	w e s ʈ ʌ r n ʌ r s ʌ
वेस्टर्नहेगन	custom	w e s ʈ ʌ r n ʌ ɦ e g ʌ n
वैद्यको	audio	b ʌi d̪ j k o
वैध	audio	b ʌi d̪ʱ ʌ
व्यवसाय	audio	b j ʌ w ʌ s a j
व्यवसायका	audio	b j ʌ w ʌ s a j k a
व्यवसायको	audio	b j ʌ w ʌ s a j k o
व्यवसायबारे	audio	b j ʌ w s a j ʌ b a r e
व्यवसायमा	audio	b j ʌ w ʌ s a j m a
व्यवसायलाई	audio	b j ʌ w ʌ s a j l a i
व्यवस्थापनकै	audio	b j ʌ w ʌ s t̪ʰ a p ʌ n k ʌi
व्यापरघाटा	audio	b j a p ʌ r gʱ a ʈ a
व्यापारघाटा	audio	b j a p a r gʱ a ʈ a
शंकरदेव	audio	s ʌ ŋ k ʌ r d̪ e w
शमशेर	audio	s ʌ m s e r ʌ
शरणार्थीको	audio	s ʌ r n a r t̪ʰ i k o
शवहरूको	audio	s ʌ w ʌ ɦ ʌ r u k o
शाक्यले	audio	s a k j l e
शासनकालमा	audio	s a s ʌ n k a l m a
शिक्षकशिक्षिकाले	audio	s i k tsʰ ʌ k s i k tsʰ i k a l e
शिक्षण	rival	s i k tsʰ ʌ n ʌ
शिव	rival	s i w ʌ
शिशिर	ours	s i s i r
शुभ	custom	s u bʱ ʌ
शेखर	audio	s e kʰ ʌ r ʌ
शौचालय	audio	s ʌu ts a l ʌ j
शौचालयको	audio	s ʌu ts a l ʌ j k o
श्यामसुन्दर	audio	s j a m s u n d̪ ʌ r
संकटकै	audio	s ʌ ŋ k ʌ ʈ k ʌi
संगठनबारे	audio	s ʌ ŋ g ʌ ʈʰ ʌ n b a r e
संगीतकार	rival	s ʌ ŋ g i t̪ k a r
संग्रहालयको	audio	s ʌ ŋ g r ʌ ɦ a l ʌ j k o
संग्रहालयभित्र	audio	s ʌ ŋ g r ʌ ɦ a l ʌ j bʱ i t̪ r ʌ
संग्रहालयभित्रको	audio	s ʌ ŋ g r ʌ ɦ a l ʌ j bʱ i t̪ r ʌ k o
संघ	audio	s ʌ ŋ gʱ
संघका	audio	s ʌ ŋ gʱ k a
संघको	audio	s ʌ ŋ gʱ k o
संघमै	audio	s ʌ ŋ gʱ m ʌi
संघले	audio	s ʌ ŋ gʱ l e
संविधानको	audio	s ʌ m b i d̪ʱ a n ʌ k o
संविधानसम्मत	audio	s ʌ m b i d̪ʱ a n ʌ s ʌ m m ʌ t̪ ʌ
संवेदनशील	audio	s ʌ m b e d̪ ʌ n s i l
संसदकै	audio	s ʌ̃ s ʌ d̪ k ʌi
संसदभित्रको	audio	s ʌ̃ s ʌ d̪ bʱ i t̪ r ʌ k o
संसदमै	audio	s ʌ̃ s ʌ d̪ m ʌi
सकिइरहेकी	audio	s ʌ k i i r ɦ e k i
सकिन	audio	s ʌ k i n ʌ
सकिनसकी	audio	s ʌ k i n ʌ s ʌ k i
सकिरहेका	audio	s ʌ k i r ɦ e k a
सक्षमता	audio	s ʌ k tsʰ ʌ m t̪ a
सगरमाथा	rival	s ʌ g ʌ r m a t̪ʰ a
सगरमाथाको	audio	s ʌ g ʌ r m a t̪ʰ a k o
सङ्घ	audio	s ʌ ŋ gʱ
सङ्घका	audio	s ʌ ŋ gʱ k a
सङ्घमा	audio	s ʌ ŋ gʱ m a
सङ्घले	audio	s ʌ ŋ gʱ l e
सचिवालयका	audio	s ʌ ts i w a l ʌ j k a
सचिवालयमा	audio	s ʌ ts i w a l ʌ j m a
सचिवालयले	audio	s ʌ ts i w a l ʌ j l e
सजाय	audio	s ʌ dz a j
सञ्चारमाध्यमका	audio	s ʌ n ts a r m a d̪ʱ j ʌ m k a
सञ्चालनताका	audio	s ʌ n ts a l ʌ n t̪ a k a
सञ्जय	audio	s ʌ n dz ʌ j
सञ्जालमार्फत	audio	s ʌ n dz a l m a r pʰ ʌ t̪
सञ्जालहरूमा	audio	s ʌ n dz a l ʌ ɦ ʌ r u m a
सडककेन्द्रित	audio	s ʌ ɖ ʌ k k e n d̪ r i t̪
सतचालीस	audio	s ʌ t̪ ts a l i s
सत्य	audio	s ʌ t̪ j
सदभाव	audio	s ʌ d̪ bʱ a w
सदरमुकामका	audio	s ʌ d̪ ʌ r m u k a m k a
सदस्यहरू	audio	s ʌ d̪ ʌ s j ɦ ʌ r u
सनराइज	audio	s ʌ n r a i dz
सन्तानको	audio	s ʌ n t̪ a n ʌ k o
सपोर्ट	audio	s ʌ p o r ʈ
सप्लायर्स	audio	s ʌ p l a j ʌ r s
सफलता	audio	s ʌ pʰ ʌ l t̪ a
सफ्ट	audio	s ʌ pʰ ʈ
सबथोक	audio	s ʌ b t̪ʰ o k
सब्जेक्टमा	audio	s ʌ b dz e k ʈ m a
समझदारी	audio	s ʌ m ʌ dzʱ d̪ a r i
समझदारीबीच	audio	s ʌ m ʌ dzʱ d̪ a r i b i ts
समथिङ	audio	s ʌ m t̪ʰ i ŋ
समन्वय	audio	s ʌ m ʌ n w ʌ j
समय	rival	s ʌ m ʌ j
समयका	audio	s ʌ m ʌ j k a
समयको	audio	s ʌ m ʌ j k o
समयदेखि	audio	s ʌ m ʌ j d̪ e kʰ i
समयदेखिको	audio	s ʌ m ʌ j d̪ e kʰ i k o
समयभन्दा	audio	s ʌ m ʌ j bʱ ʌ n d̪ a
समयभित्र	audio	s ʌ m ʌ j bʱ i t̪ r ʌ
समयमा	rival	s ʌ m ʌ j m a
समयमै	audio	s ʌ m ʌ j m ʌi
समययता	audio	s ʌ m ʌ j ʌ j t̪ a
समयलाई	audio	s ʌ m ʌ j l a i
समयले	audio	s ʌ m ʌ j l e
समयसीमा	audio	s ʌ m ʌ j s i m a
समाजकै	audio	s ʌ m a dz k ʌi
समाजमै	audio	s ʌ m a dz m ʌi
समाजवादी	audio	s ʌ m a dz w a d̪ i
समाजवादीले	audio	s ʌ m a dz w a d̪ i l e
समाजशास्त्री	audio	s ʌ m a dz s a s t̪ r i
समाजसेवी	audio	s ʌ m a dz s e w i
समानतापूर्ण	audio	s ʌ m a n t̪ a p u r n ʌ
समानताविरुद्ध	audio	s ʌ m a n t̪ a w i r u d̪ d̪ʱ ʌ
समारोहबीच	audio	s ʌ m a r o ɦ b i ts
समीपजी	audio	s ʌ m i p dz i
समीर	audio	s ʌ m i r ʌ
समुदायका	audio	s ʌ m u d̪ a j k a
समुदायको	audio	s ʌ m u d̪ a j k o
समुदायमा	audio	s ʌ m u d̪ a j m a
समूदायको	audio	s ʌ m u d̪ a j k o
समूहको	audio	s ʌ m u ɦ k o
सम्भावनाअनुसार	audio	s ʌ m bʱ a w ʌ n a ʌ n u s a r ʌ
सम्मेलनमार्फत	audio	s ʌ m m e l ʌ n m a r pʰ ʌ t̪
सय	rival	s ʌ j
सयको	audio	s ʌ j k o
सयदेखि	audio	s ʌ j d̪ e kʰ i
सयबाट	audio	s ʌ j b a ʈ ʌ
सयभन्दा	audio	s ʌ j bʱ ʌ n d̪ a
सरकार	wiktionary	s ʌ r k a r
सरकारहरुले	audio	s ʌ r k a r ʌ ɦ ʌ r u l e
सरकारी	rival	s ʌ r k a r i
सरलता	audio	s ʌ r ʌ l t̪ a
सरसामान	audio	s ʌ r s a m a n
सरासर	audio	s ʌ r a s ʌ r ʌ
सर्ट	audio	s ʌ r ʈ
सर्त	audio	s ʌ r t̪
सलाइनपानी	audio	s ʌ l a i n p a n i
सहकार्यले	audio	s ʌ ɦ ʌ k a r j l e
सहजता	audio	s ʌ ɦ ʌ dz t̪ a
सहजतापूर्वक	audio	s ʌ ɦ ʌ dz t̪ a p u r w ʌ k
सहन	audio	s ʌ ɦ ʌ n ʌ
साँझ	audio	s ã dzʱ ʌ
साँझदेखि	audio	s ã dzʱ ʌ d̪ e kʰ i
साँझमा	audio	s ã dzʱ ʌ m a
साइकलवाला	audio	s a i k ʌ l w a l a
साइजमा	audio	s a i dz ʌ m a
साइबेक्स	audio	s a i b e k s
साउन	audio	s a u n
साउनमा	audio	s a u n m a
साउनसम्म	audio	s a u n s ʌ m m ʌ
साक्षरता	audio	s a k tsʰ ʌ r t̪ a
सामानबारे	audio	s a m a n b a r e
सामान्य	audio	s a m a n j
सायरा	audio	s a j r a
सार्वजनिक	rival	s a r w ʌ dz n i k
सालतिरै	audio	s a l t̪ i r ʌi
सिंह	audio	s ĩ ɦ
सिंहदरबार	audio	s ĩ ɦ ʌ d̪ ʌ r b a r
सिंहदरबारमा	audio	s ĩ ɦ ʌ d̪ ʌ r b a r m a
सिंहदरबारसम्म	audio	s ĩ ɦ ʌ d̪ ʌ r b a r s ʌ m m ʌ
सिंहदरबारस्थित	audio	s ĩ ɦ ʌ d̪ ʌ r b a r ʌ s t̪ʰ i t̪
सिंहले	audio	s ĩ ɦ l e
सिक्स	audio	s i k s
सिटमूनि	audio	s i ʈ m u n i
सिन्दुर	audio	s i n d̪ u r ʌ
सिन्धुपाल्चोककै	audio	s i n d̪ʱ u p a l ts o k k ʌi
सिमकोट	audio	s i m k o ʈ
सिमेन्ट	rival	s i m e n ʈ
सिमेन्टको	audio	s i m e n ʈ k o
सिमेन्टमा	audio	s i m e n ʈ m a
सिमेन्टलाई	audio	s i m e n ʈ l a i
सिमेन्टले	audio	s i m e n ʈ l e
सिमेन्टसँग	audio	s i m e n ʈ s ʌ̃ g ʌ
सिर्जनाकर्ममा	audio	s i r dz ʌ n a k ʌ r m m a
सिलसिला	audio	s i l s i l a
सिलसिलामा	audio	s i l s i l a m a
सिस्टर	audio	s i s ʈ ʌ r ʌ
सीएचटिसी	audio	s i e ts ʈ i s i
सुखमय	audio	s u kʰ ʌ m ʌ j
सुदृढ	audio	s u d̪ r i ɖʱ ʌ
सुधारिरहेको	audio	s u d̪ʱ a r i r ɦ e k o
सुनिलकुमार	audio	s u n i l k u m a r
सुन्दरता	audio	s u n d̪ ʌ r t̪ a
सुन्दरताप्रति	audio	s u n d̪ ʌ r t̪ a p r ʌ t̪ i
सुपरभाइजर	audio	s u p ʌ r bʱ a i dz ʌ r
सुरुवातबाटै	audio	s u r u w a t̪ b a ʈ ʌi
सेकेण्डको	audio	s e k e n ɖ k o
सेकेन्ड	audio	s e k e n ɖ
सेपाकताक्रो	audio	s e p a k t̪ a k r o
सेमिफाइनलबाटै	audio	s e m i pʰ a i n ʌ l b a ʈ ʌi
सेयरिङ	audio	s e j r i ŋ
सेल्स	audio	s e l s
सोचविचार	audio	s o ts w i ts a r
सोचिन	audio	s o ts i n ʌ
सोमबार	audio	s o m b a r
सोमबारको	audio	s o m b a r k o
सोमबारदेखि	audio	s o m b a r d̪ e kʰ i
सोर्स	audio	s o r s
स्कलरसिप	audio	s k ʌ l ʌ r s i p
स्कुलछेउ	audio	s k u l tsʰ e u
स्कूल	audio	s k u l ʌ
स्टाटस	audio	s ʈ a ʈ ʌ s ʌ
स्टोर्सका	audio	s ʈ o r s k a
स्ट्यान्डर्ड	audio	s ʈ j a n ɖ ʌ r ɖ
स्ट्यान्डसम्म	audio	s ʈ j a n ɖ s ʌ m m ʌ
स्थानको	audio	s t̪ʰ a n ʌ k o
स्मार्ट	rival	s m a r ʈ
स्याटलाईटमा	audio	s j a ʈ l a i ʈ m a
स्वतः	audio	s w ʌ t̪ ʌ ɦ
स्वदेशमै	audio	s w ʌ d̪ e s m ʌi
स्वास्थ्यको	audio	s w a s t̪ʰ j k o
स्वीकार्य	audio	s w i k a r j
हकदार	audio	ɦ ʌ k d̪ a r
हकहितमा	audio	ɦ ʌ k ɦ i t̪ m a
हजुर	ours	ɦ ʌ dz u r
हजुरबाको	audio	ɦ ʌ dz u r b a k o
हजुरबाले	audio	ɦ ʌ dz u r b a l e
हजुरबुवाले	audio	ɦ ʌ dz u r b u w a l e
हतारहतार	audio	ɦ ʌ t̪ a r ʌ ɦ ʌ t̪ a r ʌ
हतियार	audio	ɦ ʌ t̪ i j a r ʌ
हरिवंश	audio	ɦ ʌ r i w ʌ̃ s ʌ
हल्स	audio	ɦ ʌ l s
हस्तमैथुन	ours	ɦ ʌ s t̪ ʌ m ʌi t̪ʰ u n
हस्पिटलकै	audio	ɦ ʌ s p i ʈ ʌ l k ʌi
हाँसिरहेको	audio	ɦ ã s i r ɦ e k o
हातहातमा	audio	ɦ a t̪ ɦ a t̪ m a
हाफमै	audio	ɦ a pʰ m ʌi
हारबीच	audio	ɦ a r b i ts
हार्दिकतापूर्ण	audio	ɦ a r d̪ i k t̪ a p u r n ʌ
हालसालै	audio	ɦ a l s a l ʌi
हिँडदा	audio	ɦ ĩ ɖ d̪ a
हिँडिरहेका	audio	ɦ ĩ ɖ i r ɦ e k a
हिउँदभित्रै	audio	ɦ i ũ d̪ bʱ i t̪ r ʌi
हिउँदयाममा	audio	ɦ i ũ d̪ j a m m a
हुटहुटीले	audio	ɦ u ʈ ɦ u ʈ i l e
हुन	rival	ɦ u n ʌ
हुलमुलमा	audio	ɦ u l m u l m a
हृदयको	audio	ɦ r i d̪ ʌ j k o
हेडल्याम्प	audio	ɦ e ɖ ʌ l j a m p
हेमराज	audio	ɦ e m r a dz
हेरचाह	audio	ɦ e r ts a ɦ ʌ
हेरविचार	audio	ɦ e r w i ts a r
हेरिकन	audio	ɦ e r i k ʌ n ʌ
हेलमेट	audio	ɦ e l m e ʈ
हेलमेटले	audio	ɦ e l m e ʈ l e
हेल्थ	audio	ɦ e l t̪ʰ
हैन	audio	ɦ ʌi n ʌ
होइन	rival	ɦ o i n ʌ
होभरबाइक	audio	ɦ o bʱ ʌ r b a i k
ह्याण्ड	audio	ɦ j a n ɖ
ह्यान्ड	audio	ɦ j a n ɖ
ह्यापिडेन्ट	audio	ɦ j a p i ɖ e n ʈ
ह्रास	audio	ɦ r a s ʌ
